cemetery,time_base,date,graves_best
Barakaat 2,0,2016-01-07,0
Moallim Nuur,0,2016-01-07,0
Barakaat 2,1,2016-01-08,0
Barakaat 2,2,2016-01-09,0
Barakaat 2,3,2016-01-10,0
Barakaat 2,4,2016-01-11,0
Barakaat 2,5,2016-01-12,0
Barakaat 2,6,2016-01-13,0
Barakaat 2,7,2016-01-14,0
Barakaat 2,8,2016-01-15,0
Barakaat 2,9,2016-01-16,0
Barakaat 2,10,2016-01-17,0
Barakaat 2,11,2016-01-18,0
Barakaat 2,12,2016-01-19,0
Calamada,12,2016-01-19,0
Barakaat 2,13,2016-01-20,0
Barakaat 2,14,2016-01-21,0
Barakaat 2,15,2016-01-22,0
Barakaat 2,16,2016-01-23,0
Barakaat 2,17,2016-01-24,0
Barakaat 2,18,2016-01-25,0
Barakaat 2,19,2016-01-26,0
Barakaat 2,20,2016-01-27,0
Barakaat 2,21,2016-01-28,0
Barakaat 2,22,2016-01-29,0
Barakaat 2,23,2016-01-30,0
Barakaat 2,24,2016-01-31,0
Barakaat 2,25,2016-02-01,0
Barakaat 2,26,2016-02-02,0
Barakaat 2,27,2016-02-03,0
Barakaat 2,28,2016-02-04,0
Barakaat 2,29,2016-02-05,0
Barakaat 2,30,2016-02-06,0
Barakaat 2,31,2016-02-07,0
Barakaat 2,32,2016-02-08,0
Barakaat 2,33,2016-02-09,0
Barakaat 2,34,2016-02-10,0
Barakaat 2,35,2016-02-11,0
Barakaat 2,36,2016-02-12,0
Barakaat 2,37,2016-02-13,0
Barakaat 2,38,2016-02-14,0
Barakaat 2,39,2016-02-15,0
Barakaat 2,40,2016-02-16,0
Barakaat 2,41,2016-02-17,0
Barakaat 2,42,2016-02-18,0
Barakaat 2,43,2016-02-19,0
Barakaat 1,44,2016-02-20,0
Barakaat 2,44,2016-02-20,0
Barakaat 2,45,2016-02-21,0
Barakaat 2,46,2016-02-22,0
Barakaat 2,47,2016-02-23,0
Barakaat 2,48,2016-02-24,0
Barakaat 2,49,2016-02-25,0
Barakaat 2,50,2016-02-26,0
Barakaat 2,51,2016-02-27,0
Barakaat 2,52,2016-02-28,0
Barakaat 2,53,2016-02-29,0
Barakaat 2,54,2016-03-01,0
Barakaat 2,55,2016-03-02,0
Barakaat 2,56,2016-03-03,0
Barakaat 2,57,2016-03-04,0
Barakaat 2,58,2016-03-05,0
Barakaat 2,59,2016-03-06,0
Barakaat 2,60,2016-03-07,0
Barakaat 2,61,2016-03-08,0
Barakaat 2,62,2016-03-09,0
Barakaat 2,63,2016-03-10,0
Barakaat 2,64,2016-03-11,0
Barakaat 2,65,2016-03-12,0
Barakaat 2,66,2016-03-13,0
Barakaat 2,67,2016-03-14,0
Barakaat 2,68,2016-03-15,0
Barakaat 2,69,2016-03-16,0
Barakaat 2,70,2016-03-17,0
Barakaat 2,71,2016-03-18,0
Barakaat 2,72,2016-03-19,0
Barakaat 2,73,2016-03-20,0
Barakaat 2,74,2016-03-21,0
Barakaat 2,75,2016-03-22,0
Barakaat 2,76,2016-03-23,0
Barakaat 2,77,2016-03-24,0
Barakaat 2,78,2016-03-25,0
Barakaat 2,79,2016-03-26,0
Barakaat 2,80,2016-03-27,0
Barakaat 2,81,2016-03-28,0
Barakaat 2,82,2016-03-29,0
Barakaat 2,83,2016-03-30,0
Barakaat 2,84,2016-03-31,0
Barakaat 2,85,2016-04-01,0
Barakaat 2,86,2016-04-02,0
Barakaat 2,87,2016-04-03,0
Barakaat 2,88,2016-04-04,0
Barakaat 2,89,2016-04-05,0
Barakaat 2,90,2016-04-06,0
Barakaat 2,91,2016-04-07,0
Barakaat 2,92,2016-04-08,0
Barakaat 2,93,2016-04-09,0
Barakaat 2,94,2016-04-10,0
Barakaat 2,95,2016-04-11,0
Barakaat 2,96,2016-04-12,0
Barakaat 2,97,2016-04-13,0
Barakaat 2,98,2016-04-14,0
Barakaat 2,99,2016-04-15,0
Barakaat 2,100,2016-04-16,0
Barakaat 2,101,2016-04-17,0
Barakaat 2,102,2016-04-18,0
Barakaat 2,103,2016-04-19,0
Barakaat 2,104,2016-04-20,0
Barakaat 2,105,2016-04-21,0
Barakaat 2,106,2016-04-22,0
Barakaat 2,107,2016-04-23,0
Barakaat 2,108,2016-04-24,0
Barakaat 2,109,2016-04-25,0
Barakaat 2,110,2016-04-26,0
Barakaat 2,111,2016-04-27,0
Barakaat 2,112,2016-04-28,0
Barakaat 2,113,2016-04-29,0
Barakaat 2,114,2016-04-30,0
Barakaat 2,115,2016-05-01,0
Barakaat 2,116,2016-05-02,0
Barakaat 2,117,2016-05-03,0
Barakaat 2,118,2016-05-04,0
Barakaat 2,119,2016-05-05,0
Barakaat 2,120,2016-05-06,0
Barakaat 2,121,2016-05-07,0
Barakaat 2,122,2016-05-08,0
Barakaat 2,123,2016-05-09,0
Barakaat 2,124,2016-05-10,0
Barakaat 2,125,2016-05-11,0
Barakaat 2,126,2016-05-12,0
Barakaat 2,127,2016-05-13,0
Barakaat 2,128,2016-05-14,0
Barakaat 2,129,2016-05-15,0
Barakaat 2,130,2016-05-16,0
Barakaat 2,131,2016-05-17,0
Barakaat 2,132,2016-05-18,0
Barakaat 2,133,2016-05-19,0
Barakaat 2,134,2016-05-20,0
Barakaat 2,135,2016-05-21,0
Barakaat 2,136,2016-05-22,0
Barakaat 2,137,2016-05-23,0
Barakaat 2,138,2016-05-24,0
Barakaat 2,139,2016-05-25,0
Barakaat 2,140,2016-05-26,0
Barakaat 2,141,2016-05-27,0
Barakaat 2,142,2016-05-28,0
Barakaat 2,143,2016-05-29,0
Barakaat 2,144,2016-05-30,0
Barakaat 2,145,2016-05-31,0
Barakaat 2,146,2016-06-01,0
Barakaat 2,147,2016-06-02,0
Barakaat 2,148,2016-06-03,0
Barakaat 2,149,2016-06-04,0
Barakaat 2,150,2016-06-05,0
Barakaat 2,151,2016-06-06,0
Barakaat 2,152,2016-06-07,0
Barakaat 2,153,2016-06-08,0
Barakaat 2,154,2016-06-09,0
Barakaat 2,155,2016-06-10,0
Barakaat 2,156,2016-06-11,0
Barakaat 2,157,2016-06-12,0
Barakaat 2,158,2016-06-13,0
Barakaat 2,159,2016-06-14,0
Barakaat 2,160,2016-06-15,0
Barakaat 2,161,2016-06-16,0
Barakaat 2,162,2016-06-17,0
Barakaat 2,163,2016-06-18,0
Barakaat 2,164,2016-06-19,0
Barakaat 2,165,2016-06-20,0
Barakaat 2,166,2016-06-21,0
Barakaat 2,167,2016-06-22,0
Barakaat 2,168,2016-06-23,0
Barakaat 2,169,2016-06-24,0
Barakaat 2,170,2016-06-25,0
Barakaat 2,171,2016-06-26,0
Barakaat 2,172,2016-06-27,0
Barakaat 2,173,2016-06-28,0
Barakaat 2,174,2016-06-29,0
Barakaat 2,175,2016-06-30,0
Barakaat 2,176,2016-07-01,0
Barakaat 2,177,2016-07-02,0
Barakaat 2,178,2016-07-03,0
Barakaat 2,179,2016-07-04,0
Barakaat 2,180,2016-07-05,0
Barakaat 2,181,2016-07-06,0
Barakaat 2,182,2016-07-07,0
Barakaat 2,183,2016-07-08,0
Barakaat 2,184,2016-07-09,0
Barakaat 2,185,2016-07-10,0
Barakaat 2,186,2016-07-11,0
Barakaat 2,187,2016-07-12,0
Barakaat 2,188,2016-07-13,0
Barakaat 2,189,2016-07-14,0
Barakaat 2,190,2016-07-15,0
Barakaat 2,191,2016-07-16,0
Barakaat 2,192,2016-07-17,0
Barakaat 2,193,2016-07-18,0
Barakaat 2,194,2016-07-19,0
Barakaat 2,195,2016-07-20,0
Barakaat 2,196,2016-07-21,0
Barakaat 2,197,2016-07-22,0
Barakaat 2,198,2016-07-23,0
Barakaat 2,199,2016-07-24,0
Barakaat 2,200,2016-07-25,0
Barakaat 2,201,2016-07-26,0
Barakaat 2,202,2016-07-27,0
Barakaat 2,203,2016-07-28,0
Barakaat 2,204,2016-07-29,0
Barakaat 2,205,2016-07-30,0
Barakaat 2,206,2016-07-31,0
Barakaat 2,207,2016-08-01,0
Barakaat 2,208,2016-08-02,0
Barakaat 2,209,2016-08-03,0
Barakaat 2,210,2016-08-04,0
Barakaat 2,211,2016-08-05,0
Barakaat 2,212,2016-08-06,0
Barakaat 2,213,2016-08-07,0
Barakaat 2,214,2016-08-08,0
Barakaat 2,215,2016-08-09,0
Barakaat 2,216,2016-08-10,0
Barakaat 2,217,2016-08-11,0
Barakaat 2,218,2016-08-12,0
Barakaat 2,219,2016-08-13,0
Barakaat 2,220,2016-08-14,0
Barakaat 2,221,2016-08-15,0
Barakaat 2,222,2016-08-16,0
Barakaat 2,223,2016-08-17,0
Barakaat 2,224,2016-08-18,0
Barakaat 2,225,2016-08-19,0
Barakaat 2,226,2016-08-20,0
Barakaat 2,227,2016-08-21,0
Barakaat 2,228,2016-08-22,0
Barakaat 2,229,2016-08-23,0
Barakaat 2,230,2016-08-24,0
Barakaat 2,231,2016-08-25,0
Barakaat 2,232,2016-08-26,0
Barakaat 2,233,2016-08-27,0
Barakaat 2,234,2016-08-28,0
Barakaat 2,235,2016-08-29,0
Barakaat 2,236,2016-08-30,0
Barakaat 2,237,2016-08-31,0
Barakaat 2,238,2016-09-01,0
Barakaat 2,239,2016-09-02,0
Barakaat 2,240,2016-09-03,0
Barakaat 2,241,2016-09-04,0
Barakaat 2,242,2016-09-05,0
Barakaat 2,243,2016-09-06,0
Barakaat 2,244,2016-09-07,0
Barakaat 2,245,2016-09-08,0
Barakaat 2,246,2016-09-09,0
Barakaat 2,247,2016-09-10,0
Barakaat 2,248,2016-09-11,0
Barakaat 2,249,2016-09-12,0
Barakaat 2,250,2016-09-13,0
Barakaat 2,251,2016-09-14,0
Barakaat 2,252,2016-09-15,0
Barakaat 2,253,2016-09-16,0
Barakaat 2,254,2016-09-17,0
Barakaat 2,255,2016-09-18,0
Barakaat 2,256,2016-09-19,0
Barakaat 2,257,2016-09-20,0
Barakaat 2,258,2016-09-21,0
Barakaat 2,259,2016-09-22,0
Barakaat 2,260,2016-09-23,0
Barakaat 2,261,2016-09-24,0
Barakaat 2,262,2016-09-25,0
Barakaat 2,263,2016-09-26,0
Barakaat 2,264,2016-09-27,0
Barakaat 2,265,2016-09-28,0
Barakaat 2,266,2016-09-29,0
Barakaat 2,267,2016-09-30,0
Barakaat 2,268,2016-10-01,0
Barakaat 2,269,2016-10-02,0
Barakaat 2,270,2016-10-03,0
Kahda,270,2016-10-03,0
Barakaat 2,271,2016-10-04,0
Barakaat 2,272,2016-10-05,0
Barakaat 2,273,2016-10-06,0
Barakaat 2,274,2016-10-07,0
Barakaat 2,275,2016-10-08,0
Barakaat 2,276,2016-10-09,0
Barakaat 2,277,2016-10-10,0
Barakaat 2,278,2016-10-11,0
Barakaat 2,279,2016-10-12,0
Barakaat 2,280,2016-10-13,0
Barakaat 2,281,2016-10-14,0
Barakaat 2,282,2016-10-15,0
Barakaat 2,283,2016-10-16,0
Barakaat 2,284,2016-10-17,0
Barakaat 2,285,2016-10-18,0
Barakaat 2,286,2016-10-19,0
Barakaat 2,287,2016-10-20,0
Barakaat 2,288,2016-10-21,0
Barakaat 2,289,2016-10-22,0
Barakaat 2,290,2016-10-23,0
Barakaat 2,291,2016-10-24,0
Barakaat 2,292,2016-10-25,0
Barakaat 2,293,2016-10-26,0
Barakaat 2,294,2016-10-27,0
Barakaat 2,295,2016-10-28,0
Barakaat 2,296,2016-10-29,0
Barakaat 2,297,2016-10-30,0
Barakaat 2,298,2016-10-31,0
Barakaat 2,299,2016-11-01,0
Barakaat 2,300,2016-11-02,0
Iskool Bolisii,300,2016-11-02,0
Moallim Nuur,300,2016-11-02,1666
Barakaat 2,301,2016-11-03,0
Barakaat 2,302,2016-11-04,0
Barakaat 2,303,2016-11-05,0
Barakaat 2,304,2016-11-06,0
Barakaat 2,305,2016-11-07,0
Barakaat 2,306,2016-11-08,0
Barakaat 2,307,2016-11-09,0
Barakaat 2,308,2016-11-10,0
Barakaat 2,309,2016-11-11,0
Barakaat 2,310,2016-11-12,0
Barakaat 2,311,2016-11-13,0
Barakaat 2,312,2016-11-14,0
Barakaat 2,313,2016-11-15,0
Barakaat 2,314,2016-11-16,0
Barakaat 2,315,2016-11-17,0
Barakaat 2,316,2016-11-18,0
Barakaat 2,317,2016-11-19,0
Barakaat 2,318,2016-11-20,0
Barakaat 2,319,2016-11-21,0
Barakaat 2,320,2016-11-22,0
Barakaat 2,321,2016-11-23,0
Barakaat 2,322,2016-11-24,0
Barakaat 2,323,2016-11-25,0
Barakaat 2,324,2016-11-26,0
Barakaat 2,325,2016-11-27,0
Barakaat 2,326,2016-11-28,0
Barakaat 2,327,2016-11-29,0
Barakaat 2,328,2016-11-30,0
Barakaat 2,329,2016-12-01,0
Barakaat 2,330,2016-12-02,0
Barakaat 2,331,2016-12-03,0
Barakaat 2,332,2016-12-04,0
Barakaat 2,333,2016-12-05,0
Barakaat 2,334,2016-12-06,0
Barakaat 2,335,2016-12-07,0
Barakaat 2,336,2016-12-08,0
Barakaat 2,337,2016-12-09,0
Barakaat 2,338,2016-12-10,0
Barakaat 2,339,2016-12-11,0
Barakaat 2,340,2016-12-12,0
Barakaat 2,341,2016-12-13,0
Barakaat 2,342,2016-12-14,0
Barakaat 2,343,2016-12-15,0
Barakaat 2,344,2016-12-16,0
Barakaat 2,345,2016-12-17,0
Barakaat 2,346,2016-12-18,0
Barakaat 2,347,2016-12-19,0
Barakaat 2,348,2016-12-20,0
Barakaat 2,349,2016-12-21,0
Barakaat 2,350,2016-12-22,0
Barakaat 2,351,2016-12-23,0
Barakaat 2,352,2016-12-24,0
Barakaat 2,353,2016-12-25,0
Barakaat 2,354,2016-12-26,0
Barakaat 2,355,2016-12-27,0
Barakaat 2,356,2016-12-28,0
Barakaat 2,357,2016-12-29,0
Barakaat 2,358,2016-12-30,0
Barakaat 2,359,2016-12-31,0
Barakaat 2,360,2017-01-01,0
Barakaat 2,361,2017-01-02,0
Barakaat 2,362,2017-01-03,0
Barakaat 2,363,2017-01-04,0
Iskool Bolisii,363,2017-01-04,243
Kahda,363,2017-01-04,77
Barakaat 2,364,2017-01-05,0
Barakaat 2,365,2017-01-06,0
Barakaat 2,366,2017-01-07,0
Barakaat 2,367,2017-01-08,0
Barakaat 2,368,2017-01-09,0
Barakaat 2,369,2017-01-10,0
Barakaat 2,370,2017-01-11,0
Barakaat 2,371,2017-01-12,0
Barakaat 2,372,2017-01-13,0
Barakaat 2,373,2017-01-14,0
Barakaat 2,374,2017-01-15,0
Barakaat 2,375,2017-01-16,0
Barakaat 2,376,2017-01-17,0
Barakaat 2,377,2017-01-18,0
Barakaat 2,378,2017-01-19,0
Barakaat 2,379,2017-01-20,0
Barakaat 2,380,2017-01-21,0
Barakaat 2,381,2017-01-22,0
Barakaat 2,382,2017-01-23,0
Barakaat 2,383,2017-01-24,0
Barakaat 2,384,2017-01-25,0
Barakaat 2,385,2017-01-26,0
Barakaat 2,386,2017-01-27,0
Barakaat 2,387,2017-01-28,0
Barakaat 2,388,2017-01-29,0
Barakaat 2,389,2017-01-30,0
Barakaat 2,390,2017-01-31,0
Barakaat 2,391,2017-02-01,0
Barakaat 2,392,2017-02-02,0
Barakaat 2,393,2017-02-03,0
Barakaat 2,394,2017-02-04,0
Barakaat 2,395,2017-02-05,0
Barakaat 2,396,2017-02-06,0
Barakaat 2,397,2017-02-07,0
Barakaat 2,398,2017-02-08,0
Barakaat 2,399,2017-02-09,0
Barakaat 2,400,2017-02-10,0
Barakaat 2,401,2017-02-11,0
Barakaat 2,402,2017-02-12,0
Barakaat 2,403,2017-02-13,0
Barakaat 2,404,2017-02-14,0
Barakaat 2,405,2017-02-15,0
Barakaat 2,406,2017-02-16,0
Barakaat 2,407,2017-02-17,0
Barakaat 2,408,2017-02-18,0
Barakaat 2,409,2017-02-19,0
Barakaat 2,410,2017-02-20,0
Barakaat 2,411,2017-02-21,0
Barakaat 2,412,2017-02-22,0
Barakaat 2,413,2017-02-23,0
Barakaat 2,414,2017-02-24,0
Barakaat 2,415,2017-02-25,0
Barakaat 1,416,2017-02-26,1068
Barakaat 2,416,2017-02-26,0
Barakaat 2,417,2017-02-27,0
Barakaat 2,418,2017-02-28,0
Barakaat 2,419,2017-03-01,0
Barakaat 2,420,2017-03-02,0
Barakaat 2,421,2017-03-03,0
Barakaat 2,422,2017-03-04,0
Barakaat 2,423,2017-03-05,0
Barakaat 2,424,2017-03-06,0
Barakaat 2,425,2017-03-07,0
Barakaat 2,426,2017-03-08,0
Barakaat 2,427,2017-03-09,0
Barakaat 2,428,2017-03-10,0
Barakaat 2,429,2017-03-11,0
Barakaat 2,430,2017-03-12,0
Barakaat 2,431,2017-03-13,0
Barakaat 2,432,2017-03-14,0
Barakaat 2,433,2017-03-15,0
Barakaat 2,434,2017-03-16,0
Barakaat 2,435,2017-03-17,0
Barakaat 2,436,2017-03-18,0
Barakaat 2,437,2017-03-19,0
Barakaat 2,438,2017-03-20,0
Barakaat 2,439,2017-03-21,0
Barakaat 2,440,2017-03-22,0
Barakaat 2,441,2017-03-23,0
Barakaat 2,442,2017-03-24,0
Barakaat 2,443,2017-03-25,0
Barakaat 2,444,2017-03-26,0
Barakaat 2,445,2017-03-27,0
Barakaat 2,446,2017-03-28,0
Barakaat 2,447,2017-03-29,0
Barakaat 2,448,2017-03-30,0
Barakaat 2,449,2017-03-31,0
Barakaat 2,450,2017-04-01,0
Barakaat 2,451,2017-04-02,0
Barakaat 2,452,2017-04-03,0
Barakaat 2,453,2017-04-04,0
Barakaat 2,454,2017-04-05,0
Barakaat 2,455,2017-04-06,0
Barakaat 2,456,2017-04-07,0
Barakaat 2,457,2017-04-08,0
Barakaat 2,458,2017-04-09,0
Barakaat 2,459,2017-04-10,0
Barakaat 2,460,2017-04-11,0
Barakaat 2,461,2017-04-12,0
Barakaat 2,462,2017-04-13,0
Barakaat 2,463,2017-04-14,0
Barakaat 2,464,2017-04-15,0
Barakaat 2,465,2017-04-16,0
Barakaat 2,466,2017-04-17,0
Barakaat 2,467,2017-04-18,0
Barakaat 2,468,2017-04-19,0
Barakaat 2,469,2017-04-20,0
Barakaat 2,470,2017-04-21,0
Barakaat 2,471,2017-04-22,0
Barakaat 2,472,2017-04-23,0
Barakaat 2,473,2017-04-24,0
Barakaat 2,474,2017-04-25,0
Barakaat 2,475,2017-04-26,0
Barakaat 2,476,2017-04-27,0
Barakaat 2,477,2017-04-28,0
Barakaat 2,478,2017-04-29,0
Barakaat 2,479,2017-04-30,0
Barakaat 2,480,2017-05-01,0
Barakaat 2,481,2017-05-02,0
Barakaat 2,482,2017-05-03,0
Barakaat 2,483,2017-05-04,0
Barakaat 2,484,2017-05-05,0
Barakaat 2,485,2017-05-06,0
Barakaat 2,486,2017-05-07,0
Barakaat 2,487,2017-05-08,0
Barakaat 2,488,2017-05-09,0
Barakaat 2,489,2017-05-10,0
Barakaat 2,490,2017-05-11,0
Barakaat 2,491,2017-05-12,0
Barakaat 2,492,2017-05-13,0
Barakaat 2,493,2017-05-14,0
Barakaat 2,494,2017-05-15,0
Barakaat 2,495,2017-05-16,0
Barakaat 2,496,2017-05-17,0
Barakaat 2,497,2017-05-18,0
Barakaat 2,498,2017-05-19,0
Barakaat 2,499,2017-05-20,0
Barakaat 2,500,2017-05-21,0
Barakaat 2,501,2017-05-22,0
Barakaat 2,502,2017-05-23,0
Barakaat 2,503,2017-05-24,0
Barakaat 2,504,2017-05-25,0
Barakaat 2,505,2017-05-26,0
Barakaat 2,506,2017-05-27,0
Barakaat 2,507,2017-05-28,0
Barakaat 2,508,2017-05-29,0
Barakaat 2,509,2017-05-30,0
Barakaat 2,510,2017-05-31,0
Barakaat 2,511,2017-06-01,0
Barakaat 2,512,2017-06-02,0
Barakaat 2,513,2017-06-03,0
Barakaat 2,514,2017-06-04,0
Barakaat 2,515,2017-06-05,0
Barakaat 2,516,2017-06-06,0
Barakaat 2,517,2017-06-07,0
Barakaat 2,518,2017-06-08,0
Barakaat 2,519,2017-06-09,0
Barakaat 2,520,2017-06-10,0
Barakaat 2,521,2017-06-11,0
Barakaat 2,522,2017-06-12,0
Barakaat 2,523,2017-06-13,0
Barakaat 2,524,2017-06-14,0
Barakaat 2,525,2017-06-15,0
Barakaat 2,526,2017-06-16,0
Barakaat 2,527,2017-06-17,0
Barakaat 2,528,2017-06-18,0
Barakaat 2,529,2017-06-19,0
Barakaat 2,530,2017-06-20,0
Barakaat 2,531,2017-06-21,0
Barakaat 2,532,2017-06-22,0
Barakaat 2,533,2017-06-23,0
Barakaat 2,534,2017-06-24,0
Barakaat 2,535,2017-06-25,0
Barakaat 2,536,2017-06-26,0
Barakaat 2,537,2017-06-27,0
Barakaat 2,538,2017-06-28,0
Barakaat 2,539,2017-06-29,0
Barakaat 2,540,2017-06-30,0
Barakaat 2,541,2017-07-01,0
Barakaat 2,542,2017-07-02,0
Barakaat 2,543,2017-07-03,0
Barakaat 2,544,2017-07-04,0
Barakaat 2,545,2017-07-05,0
Barakaat 2,546,2017-07-06,0
Barakaat 2,547,2017-07-07,0
Barakaat 2,548,2017-07-08,0
Barakaat 2,549,2017-07-09,0
Barakaat 2,550,2017-07-10,0
Barakaat 2,551,2017-07-11,0
Barakaat 2,552,2017-07-12,0
Barakaat 2,553,2017-07-13,0
Barakaat 2,554,2017-07-14,0
Barakaat 2,555,2017-07-15,0
Barakaat 2,556,2017-07-16,0
Barakaat 2,557,2017-07-17,0
Barakaat 2,558,2017-07-18,0
Barakaat 2,559,2017-07-19,0
Barakaat 2,560,2017-07-20,0
Barakaat 2,561,2017-07-21,0
Barakaat 2,562,2017-07-22,0
Barakaat 2,563,2017-07-23,0
Barakaat 2,564,2017-07-24,0
Barakaat 2,565,2017-07-25,0
Barakaat 2,566,2017-07-26,0
Barakaat 2,567,2017-07-27,0
Barakaat 2,568,2017-07-28,0
Barakaat 2,569,2017-07-29,0
Barakaat 2,570,2017-07-30,0
Barakaat 2,571,2017-07-31,0
Barakaat 2,572,2017-08-01,0
Barakaat 2,573,2017-08-02,0
Barakaat 2,574,2017-08-03,0
Barakaat 2,575,2017-08-04,0
Barakaat 2,576,2017-08-05,0
Barakaat 2,577,2017-08-06,0
Barakaat 2,578,2017-08-07,0
Barakaat 2,579,2017-08-08,0
Barakaat 2,580,2017-08-09,0
Barakaat 2,581,2017-08-10,0
Barakaat 2,582,2017-08-11,0
Barakaat 2,583,2017-08-12,0
Barakaat 2,584,2017-08-13,0
Barakaat 2,585,2017-08-14,0
Barakaat 2,586,2017-08-15,0
Barakaat 2,587,2017-08-16,0
Barakaat 2,588,2017-08-17,0
Barakaat 2,589,2017-08-18,0
Barakaat 2,590,2017-08-19,0
Barakaat 2,591,2017-08-20,0
Barakaat 2,592,2017-08-21,0
Barakaat 2,593,2017-08-22,0
Barakaat 2,594,2017-08-23,0
Barakaat 2,595,2017-08-24,0
Barakaat 2,596,2017-08-25,0
Barakaat 2,597,2017-08-26,0
Barakaat 2,598,2017-08-27,0
Barakaat 2,599,2017-08-28,0
Barakaat 2,600,2017-08-29,0
Barakaat 2,601,2017-08-30,0
Barakaat 2,602,2017-08-31,0
Barakaat 2,603,2017-09-01,0
Barakaat 2,604,2017-09-02,0
Barakaat 2,605,2017-09-03,0
Barakaat 2,606,2017-09-04,0
Barakaat 2,607,2017-09-05,0
Barakaat 2,608,2017-09-06,0
Barakaat 2,609,2017-09-07,0
Barakaat 2,610,2017-09-08,0
Barakaat 2,611,2017-09-09,0
Barakaat 2,612,2017-09-10,0
Barakaat 2,613,2017-09-11,0
Barakaat 2,614,2017-09-12,0
Barakaat 2,615,2017-09-13,0
Barakaat 2,616,2017-09-14,0
Barakaat 2,617,2017-09-15,0
Barakaat 2,618,2017-09-16,0
Barakaat 2,619,2017-09-17,0
Barakaat 2,620,2017-09-18,0
Barakaat 2,621,2017-09-19,0
Barakaat 2,622,2017-09-20,0
Barakaat 2,623,2017-09-21,0
Barakaat 2,624,2017-09-22,0
Barakaat 2,625,2017-09-23,0
Barakaat 2,626,2017-09-24,0
Barakaat 2,627,2017-09-25,0
Barakaat 2,628,2017-09-26,0
Barakaat 2,629,2017-09-27,0
Barakaat 2,630,2017-09-28,0
Barakaat 2,631,2017-09-29,0
Barakaat 2,632,2017-09-30,0
Barakaat 2,633,2017-10-01,0
Barakaat 2,634,2017-10-02,0
Barakaat 2,635,2017-10-03,0
Barakaat 2,636,2017-10-04,0
Barakaat 2,637,2017-10-05,0
Barakaat 2,638,2017-10-06,0
Barakaat 2,639,2017-10-07,0
Barakaat 2,640,2017-10-08,0
Barakaat 2,641,2017-10-09,0
Barakaat 2,642,2017-10-10,0
Barakaat 2,643,2017-10-11,0
Barakaat 2,644,2017-10-12,0
Barakaat 2,645,2017-10-13,0
Barakaat 2,646,2017-10-14,0
Barakaat 2,647,2017-10-15,0
Barakaat 2,648,2017-10-16,0
Barakaat 2,649,2017-10-17,0
Barakaat 2,650,2017-10-18,0
Barakaat 2,651,2017-10-19,0
Barakaat 2,652,2017-10-20,0
Barakaat 2,653,2017-10-21,0
Barakaat 2,654,2017-10-22,0
Barakaat 2,655,2017-10-23,0
Barakaat 2,656,2017-10-24,0
Barakaat 2,657,2017-10-25,0
Barakaat 2,658,2017-10-26,0
Barakaat 2,659,2017-10-27,0
Barakaat 2,660,2017-10-28,0
Barakaat 2,661,2017-10-29,0
Barakaat 2,662,2017-10-30,0
Barakaat 2,663,2017-10-31,0
Barakaat 2,664,2017-11-01,0
Barakaat 2,665,2017-11-02,0
Barakaat 2,666,2017-11-03,0
Barakaat 2,667,2017-11-04,0
Barakaat 2,668,2017-11-05,0
Barakaat 2,669,2017-11-06,0
Barakaat 2,670,2017-11-07,0
Barakaat 2,671,2017-11-08,0
Barakaat 2,672,2017-11-09,0
Barakaat 2,673,2017-11-10,0
Barakaat 2,674,2017-11-11,0
Barakaat 2,675,2017-11-12,0
Barakaat 2,676,2017-11-13,0
Barakaat 2,677,2017-11-14,0
Barakaat 2,678,2017-11-15,0
Barakaat 2,679,2017-11-16,0
Barakaat 2,680,2017-11-17,0
Barakaat 2,681,2017-11-18,0
Barakaat 2,682,2017-11-19,0
Barakaat 2,683,2017-11-20,0
Barakaat 2,684,2017-11-21,0
Barakaat 2,685,2017-11-22,0
Barakaat 2,686,2017-11-23,0
Barakaat 2,687,2017-11-24,0
Barakaat 2,688,2017-11-25,0
Barakaat 2,689,2017-11-26,0
Barakaat 2,690,2017-11-27,0
Barakaat 2,691,2017-11-28,0
Barakaat 2,692,2017-11-29,0
Barakaat 2,693,2017-11-30,0
Barakaat 2,694,2017-12-01,0
Barakaat 2,695,2017-12-02,0
Barakaat 2,696,2017-12-03,0
Barakaat 2,697,2017-12-04,0
Barakaat 2,698,2017-12-05,0
Barakaat 2,699,2017-12-06,0
Barakaat 2,700,2017-12-07,0
Barakaat 2,701,2017-12-08,0
Barakaat 2,702,2017-12-09,0
Barakaat 2,703,2017-12-10,0
Barakaat 2,704,2017-12-11,0
Barakaat 2,705,2017-12-12,0
Barakaat 2,706,2017-12-13,0
Barakaat 2,707,2017-12-14,0
Barakaat 2,708,2017-12-15,0
Barakaat 2,709,2017-12-16,0
Barakaat 2,710,2017-12-17,0
Barakaat 2,711,2017-12-18,0
Barakaat 2,712,2017-12-19,0
Barakaat 2,713,2017-12-20,0
Barakaat 2,714,2017-12-21,0
Barakaat 2,715,2017-12-22,0
Barakaat 2,716,2017-12-23,0
Barakaat 2,717,2017-12-24,0
Barakaat 2,718,2017-12-25,0
Barakaat 2,719,2017-12-26,0
Barakaat 2,720,2017-12-27,0
Barakaat 2,721,2017-12-28,0
Barakaat 2,722,2017-12-29,0
Barakaat 2,723,2017-12-30,0
Barakaat 2,724,2017-12-31,0
Calamada,724,2017-12-31,1973
Moallim Nuur,724,2017-12-31,2696
Barakaat 2,725,2018-01-01,0
Barakaat 2,726,2018-01-02,0
Barakaat 2,727,2018-01-03,0
Barakaat 2,728,2018-01-04,0
Barakaat 2,729,2018-01-05,0
Barakaat 2,730,2018-01-06,0
Barakaat 2,731,2018-01-07,0
Barakaat 2,732,2018-01-08,0
Barakaat 2,733,2018-01-09,0
Barakaat 2,734,2018-01-10,0
Barakaat 2,735,2018-01-11,0
Barakaat 2,736,2018-01-12,0
Barakaat 2,737,2018-01-13,0
Barakaat 2,738,2018-01-14,0
Barakaat 2,739,2018-01-15,0
Barakaat 2,740,2018-01-16,0
Barakaat 2,741,2018-01-17,0
Barakaat 2,742,2018-01-18,0
Barakaat 2,743,2018-01-19,0
Barakaat 2,744,2018-01-20,0
Barakaat 2,745,2018-01-21,0
Barakaat 2,746,2018-01-22,0
Barakaat 2,747,2018-01-23,0
Barakaat 2,748,2018-01-24,0
Barakaat 2,749,2018-01-25,0
Barakaat 2,750,2018-01-26,0
Barakaat 2,751,2018-01-27,0
Barakaat 2,752,2018-01-28,0
Barakaat 2,753,2018-01-29,0
Barakaat 2,754,2018-01-30,0
Barakaat 2,755,2018-01-31,0
Barakaat 2,756,2018-02-01,0
Barakaat 2,757,2018-02-02,0
Barakaat 2,758,2018-02-03,0
Barakaat 2,759,2018-02-04,0
Barakaat 2,760,2018-02-05,0
Barakaat 2,761,2018-02-06,0
Barakaat 2,762,2018-02-07,0
Barakaat 2,763,2018-02-08,0
Barakaat 2,764,2018-02-09,0
Barakaat 2,765,2018-02-10,0
Barakaat 2,766,2018-02-11,0
Barakaat 2,767,2018-02-12,0
Barakaat 2,768,2018-02-13,0
Barakaat 2,769,2018-02-14,0
Barakaat 2,770,2018-02-15,0
Barakaat 2,771,2018-02-16,0
Barakaat 2,772,2018-02-17,0
Barakaat 2,773,2018-02-18,0
Barakaat 2,774,2018-02-19,0
Barakaat 2,775,2018-02-20,0
Barakaat 2,776,2018-02-21,0
Barakaat 2,777,2018-02-22,0
Barakaat 2,778,2018-02-23,0
Barakaat 2,779,2018-02-24,0
Barakaat 2,780,2018-02-25,0
Barakaat 2,781,2018-02-26,0
Barakaat 2,782,2018-02-27,0
Barakaat 2,783,2018-02-28,0
Barakaat 2,784,2018-03-01,0
Barakaat 2,785,2018-03-02,0
Barakaat 2,786,2018-03-03,0
Barakaat 2,787,2018-03-04,0
Barakaat 2,788,2018-03-05,0
Barakaat 2,789,2018-03-06,0
Barakaat 2,790,2018-03-07,0
Barakaat 2,791,2018-03-08,0
Barakaat 2,792,2018-03-09,0
Barakaat 2,793,2018-03-10,0
Barakaat 2,794,2018-03-11,0
Barakaat 2,795,2018-03-12,0
Barakaat 2,796,2018-03-13,0
Barakaat 2,797,2018-03-14,0
Barakaat 2,798,2018-03-15,0
Barakaat 2,799,2018-03-16,0
Barakaat 2,800,2018-03-17,0
Barakaat 2,801,2018-03-18,0
Barakaat 2,802,2018-03-19,0
Barakaat 2,803,2018-03-20,0
Barakaat 2,804,2018-03-21,0
Barakaat 2,805,2018-03-22,0
Barakaat 2,806,2018-03-23,0
Barakaat 2,807,2018-03-24,0
Barakaat 2,808,2018-03-25,0
Barakaat 2,809,2018-03-26,0
Barakaat 2,810,2018-03-27,0
Barakaat 2,811,2018-03-28,0
Barakaat 2,812,2018-03-29,0
Barakaat 2,813,2018-03-30,0
Barakaat 2,814,2018-03-31,0
Barakaat 2,815,2018-04-01,0
Barakaat 2,816,2018-04-02,0
Barakaat 2,817,2018-04-03,0
Barakaat 2,818,2018-04-04,0
Barakaat 2,819,2018-04-05,0
Barakaat 2,820,2018-04-06,0
Barakaat 2,821,2018-04-07,0
Barakaat 2,822,2018-04-08,0
Barakaat 2,823,2018-04-09,0
Barakaat 2,824,2018-04-10,0
Barakaat 2,825,2018-04-11,0
Barakaat 2,826,2018-04-12,0
Barakaat 2,827,2018-04-13,0
Barakaat 2,828,2018-04-14,0
Barakaat 2,829,2018-04-15,0
Barakaat 2,830,2018-04-16,0
Barakaat 2,831,2018-04-17,0
Barakaat 2,832,2018-04-18,0
Barakaat 2,833,2018-04-19,0
Barakaat 2,834,2018-04-20,0
Barakaat 2,835,2018-04-21,0
Barakaat 2,836,2018-04-22,0
Barakaat 2,837,2018-04-23,0
Barakaat 2,838,2018-04-24,0
Barakaat 2,839,2018-04-25,0
Barakaat 2,840,2018-04-26,0
Barakaat 2,841,2018-04-27,0
Barakaat 2,842,2018-04-28,0
Barakaat 2,843,2018-04-29,0
Kahda,843,2018-04-29,403
Barakaat 2,844,2018-04-30,0
Barakaat 2,845,2018-05-01,0
Barakaat 2,846,2018-05-02,0
Barakaat 2,847,2018-05-03,0
Barakaat 2,848,2018-05-04,0
Barakaat 2,849,2018-05-05,0
Barakaat 2,850,2018-05-06,0
Barakaat 2,851,2018-05-07,0
Barakaat 2,852,2018-05-08,0
Barakaat 2,853,2018-05-09,0
Barakaat 2,854,2018-05-10,0
Barakaat 2,855,2018-05-11,0
Barakaat 2,856,2018-05-12,0
Barakaat 2,857,2018-05-13,0
Barakaat 2,858,2018-05-14,0
Barakaat 2,859,2018-05-15,0
Barakaat 2,860,2018-05-16,0
Barakaat 2,861,2018-05-17,0
Barakaat 2,862,2018-05-18,0
Barakaat 2,863,2018-05-19,0
Barakaat 2,864,2018-05-20,0
Barakaat 2,865,2018-05-21,0
Barakaat 2,866,2018-05-22,0
Barakaat 2,867,2018-05-23,0
Barakaat 2,868,2018-05-24,0
Barakaat 2,869,2018-05-25,0
Barakaat 2,870,2018-05-26,0
Barakaat 2,871,2018-05-27,0
Barakaat 2,872,2018-05-28,0
Barakaat 2,873,2018-05-29,0
Barakaat 2,874,2018-05-30,0
Barakaat 2,875,2018-05-31,0
Barakaat 2,876,2018-06-01,0
Barakaat 2,877,2018-06-02,0
Barakaat 2,878,2018-06-03,0
Barakaat 2,879,2018-06-04,0
Barakaat 2,880,2018-06-05,0
Barakaat 2,881,2018-06-06,0
Barakaat 2,882,2018-06-07,0
Barakaat 2,883,2018-06-08,0
Barakaat 2,884,2018-06-09,0
Barakaat 2,885,2018-06-10,0
Barakaat 2,886,2018-06-11,0
Barakaat 2,887,2018-06-12,0
Barakaat 2,888,2018-06-13,0
Barakaat 2,889,2018-06-14,0
Barakaat 2,890,2018-06-15,0
Barakaat 2,891,2018-06-16,0
Barakaat 2,892,2018-06-17,0
Barakaat 2,893,2018-06-18,0
Barakaat 2,894,2018-06-19,0
Barakaat 2,895,2018-06-20,0
Barakaat 2,896,2018-06-21,0
Barakaat 2,897,2018-06-22,0
Barakaat 2,898,2018-06-23,0
Barakaat 2,899,2018-06-24,0
Barakaat 2,900,2018-06-25,0
Barakaat 2,901,2018-06-26,0
Barakaat 2,902,2018-06-27,0
Barakaat 2,903,2018-06-28,0
Barakaat 2,904,2018-06-29,0
Barakaat 2,905,2018-06-30,0
Barakaat 2,906,2018-07-01,0
Barakaat 2,907,2018-07-02,0
Barakaat 2,908,2018-07-03,0
Barakaat 2,909,2018-07-04,0
Barakaat 2,910,2018-07-05,0
Barakaat 2,911,2018-07-06,0
Barakaat 2,912,2018-07-07,0
Barakaat 2,913,2018-07-08,0
Barakaat 2,914,2018-07-09,0
Barakaat 2,915,2018-07-10,0
Barakaat 2,916,2018-07-11,0
Barakaat 2,917,2018-07-12,0
Barakaat 2,918,2018-07-13,0
Barakaat 2,919,2018-07-14,0
Barakaat 2,920,2018-07-15,0
Barakaat 2,921,2018-07-16,0
Barakaat 2,922,2018-07-17,0
Barakaat 2,923,2018-07-18,0
Barakaat 2,924,2018-07-19,0
Barakaat 2,925,2018-07-20,0
Barakaat 2,926,2018-07-21,0
Barakaat 2,927,2018-07-22,0
Barakaat 2,928,2018-07-23,0
Barakaat 2,929,2018-07-24,0
Barakaat 2,930,2018-07-25,0
Barakaat 2,931,2018-07-26,0
Barakaat 2,932,2018-07-27,0
Barakaat 2,933,2018-07-28,0
Barakaat 2,934,2018-07-29,0
Barakaat 2,935,2018-07-30,0
Barakaat 2,936,2018-07-31,0
Barakaat 2,937,2018-08-01,0
Barakaat 2,938,2018-08-02,0
Barakaat 2,939,2018-08-03,0
Barakaat 2,940,2018-08-04,0
Barakaat 2,941,2018-08-05,0
Barakaat 2,942,2018-08-06,0
Barakaat 2,943,2018-08-07,0
Barakaat 2,944,2018-08-08,0
Barakaat 2,945,2018-08-09,0
Barakaat 2,946,2018-08-10,0
Barakaat 2,947,2018-08-11,0
Barakaat 2,948,2018-08-12,0
Barakaat 2,949,2018-08-13,0
Barakaat 2,950,2018-08-14,0
Barakaat 2,951,2018-08-15,0
Barakaat 2,952,2018-08-16,0
Barakaat 2,953,2018-08-17,0
Barakaat 2,954,2018-08-18,0
Barakaat 2,955,2018-08-19,0
Barakaat 2,956,2018-08-20,0
Barakaat 2,957,2018-08-21,0
Barakaat 2,958,2018-08-22,0
Barakaat 2,959,2018-08-23,0
Barakaat 2,960,2018-08-24,0
Barakaat 2,961,2018-08-25,0
Barakaat 2,962,2018-08-26,0
Calamada,962,2018-08-26,2746
Barakaat 2,963,2018-08-27,0
Barakaat 2,964,2018-08-28,0
Barakaat 2,965,2018-08-29,0
Barakaat 2,966,2018-08-30,0
Barakaat 2,967,2018-08-31,0
Barakaat 2,968,2018-09-01,0
Barakaat 2,969,2018-09-02,0
Barakaat 2,970,2018-09-03,0
Barakaat 2,971,2018-09-04,0
Barakaat 2,972,2018-09-05,0
Barakaat 2,973,2018-09-06,0
Barakaat 2,974,2018-09-07,0
Barakaat 2,975,2018-09-08,0
Barakaat 2,976,2018-09-09,0
Barakaat 2,977,2018-09-10,0
Barakaat 2,978,2018-09-11,0
Barakaat 2,979,2018-09-12,0
Barakaat 2,980,2018-09-13,0
Barakaat 2,981,2018-09-14,0
Barakaat 2,982,2018-09-15,0
Barakaat 2,983,2018-09-16,0
Barakaat 2,984,2018-09-17,0
Barakaat 2,985,2018-09-18,0
Barakaat 2,986,2018-09-19,0
Barakaat 2,987,2018-09-20,0
Barakaat 2,988,2018-09-21,0
Barakaat 2,989,2018-09-22,0
Barakaat 2,990,2018-09-23,0
Barakaat 2,991,2018-09-24,0
Barakaat 2,992,2018-09-25,0
Barakaat 2,993,2018-09-26,0
Barakaat 2,994,2018-09-27,0
Barakaat 2,995,2018-09-28,0
Barakaat 2,996,2018-09-29,0
Barakaat 2,997,2018-09-30,0
Barakaat 2,998,2018-10-01,0
Barakaat 2,999,2018-10-02,0
Barakaat 2,1000,2018-10-03,0
Barakaat 2,1001,2018-10-04,0
Barakaat 2,1002,2018-10-05,0
Barakaat 2,1003,2018-10-06,0
Barakaat 2,1004,2018-10-07,0
Barakaat 2,1005,2018-10-08,0
Barakaat 2,1006,2018-10-09,0
Barakaat 2,1007,2018-10-10,0
Barakaat 2,1008,2018-10-11,0
Barakaat 2,1009,2018-10-12,0
Barakaat 2,1010,2018-10-13,0
Barakaat 2,1011,2018-10-14,0
Barakaat 2,1012,2018-10-15,0
Barakaat 2,1013,2018-10-16,0
Barakaat 2,1014,2018-10-17,0
Barakaat 2,1015,2018-10-18,0
Barakaat 2,1016,2018-10-19,0
Barakaat 2,1017,2018-10-20,0
Barakaat 2,1018,2018-10-21,0
Barakaat 2,1019,2018-10-22,0
Barakaat 2,1020,2018-10-23,0
Barakaat 2,1021,2018-10-24,0
Barakaat 2,1022,2018-10-25,0
Barakaat 2,1023,2018-10-26,0
Barakaat 2,1024,2018-10-27,0
Barakaat 2,1025,2018-10-28,0
Barakaat 2,1026,2018-10-29,0
Barakaat 2,1027,2018-10-30,0
Barakaat 2,1028,2018-10-31,0
Barakaat 2,1029,2018-11-01,0
Barakaat 2,1030,2018-11-02,0
Barakaat 2,1031,2018-11-03,0
Barakaat 2,1032,2018-11-04,0
Barakaat 2,1033,2018-11-05,0
Barakaat 2,1034,2018-11-06,0
Barakaat 2,1035,2018-11-07,0
Barakaat 2,1036,2018-11-08,0
Barakaat 2,1037,2018-11-09,0
Barakaat 2,1038,2018-11-10,0
Barakaat 2,1039,2018-11-11,0
Barakaat 2,1040,2018-11-12,0
Barakaat 2,1041,2018-11-13,0
Barakaat 2,1042,2018-11-14,0
Barakaat 2,1043,2018-11-15,0
Barakaat 2,1044,2018-11-16,0
Barakaat 2,1045,2018-11-17,0
Barakaat 2,1046,2018-11-18,0
Barakaat 2,1047,2018-11-19,0
Barakaat 2,1048,2018-11-20,0
Barakaat 2,1049,2018-11-21,0
Barakaat 2,1050,2018-11-22,0
Barakaat 2,1051,2018-11-23,0
Barakaat 2,1052,2018-11-24,0
Barakaat 1,1053,2018-11-25,3380
Barakaat 2,1053,2018-11-25,0
Moallim Nuur,1053,2018-11-25,3429
Barakaat 2,1054,2018-11-26,0
Barakaat 2,1055,2018-11-27,0
Barakaat 2,1056,2018-11-28,0
Barakaat 2,1057,2018-11-29,0
Barakaat 2,1058,2018-11-30,0
Barakaat 2,1059,2018-12-01,0
Barakaat 2,1060,2018-12-02,0
Barakaat 2,1061,2018-12-03,0
Barakaat 2,1062,2018-12-04,0
Barakaat 2,1063,2018-12-05,0
Barakaat 2,1064,2018-12-06,0
Barakaat 2,1065,2018-12-07,0
Barakaat 2,1066,2018-12-08,0
Barakaat 2,1067,2018-12-09,0
Barakaat 2,1068,2018-12-10,0
Barakaat 2,1069,2018-12-11,0
Barakaat 2,1070,2018-12-12,0
Barakaat 2,1071,2018-12-13,0
Barakaat 2,1072,2018-12-14,0
Barakaat 2,1073,2018-12-15,0
Barakaat 2,1074,2018-12-16,0
Barakaat 2,1075,2018-12-17,0
Barakaat 2,1076,2018-12-18,0
Calamada,1076,2018-12-18,2983
Barakaat 2,1077,2018-12-19,0
Barakaat 2,1078,2018-12-20,0
Barakaat 2,1079,2018-12-21,0
Barakaat 2,1080,2018-12-22,0
Barakaat 2,1081,2018-12-23,0
Barakaat 2,1082,2018-12-24,0
Barakaat 2,1083,2018-12-25,0
Barakaat 2,1084,2018-12-26,0
Barakaat 2,1085,2018-12-27,0
Barakaat 2,1086,2018-12-28,0
Barakaat 2,1087,2018-12-29,0
Barakaat 2,1088,2018-12-30,0
Barakaat 2,1089,2018-12-31,0
Barakaat 2,1090,2019-01-01,0
Barakaat 2,1091,2019-01-02,0
Barakaat 2,1092,2019-01-03,0
Barakaat 2,1093,2019-01-04,0
Barakaat 2,1094,2019-01-05,0
Barakaat 2,1095,2019-01-06,0
Barakaat 2,1096,2019-01-07,0
Barakaat 2,1097,2019-01-08,0
Barakaat 2,1098,2019-01-09,0
Barakaat 2,1099,2019-01-10,0
Barakaat 2,1100,2019-01-11,0
Barakaat 2,1101,2019-01-12,0
Barakaat 2,1102,2019-01-13,0
Barakaat 2,1103,2019-01-14,0
Barakaat 2,1104,2019-01-15,0
Barakaat 2,1105,2019-01-16,0
Barakaat 2,1106,2019-01-17,0
Barakaat 2,1107,2019-01-18,0
Barakaat 2,1108,2019-01-19,0
Barakaat 2,1109,2019-01-20,0
Barakaat 2,1110,2019-01-21,0
Barakaat 2,1111,2019-01-22,0
Barakaat 1,1112,2019-01-23,3571
Barakaat 2,1112,2019-01-23,0
Barakaat 2,1113,2019-01-24,0
Barakaat 2,1114,2019-01-25,0
Barakaat 2,1115,2019-01-26,0
Barakaat 2,1116,2019-01-27,0
Barakaat 2,1117,2019-01-28,0
Barakaat 2,1118,2019-01-29,0
Barakaat 2,1119,2019-01-30,0
Iskool Bolisii,1119,2019-01-30,374
Barakaat 2,1120,2019-01-31,0
Barakaat 2,1121,2019-02-01,0
Barakaat 2,1122,2019-02-02,0
Barakaat 2,1123,2019-02-03,0
Barakaat 2,1124,2019-02-04,0
Barakaat 2,1125,2019-02-05,0
Barakaat 2,1126,2019-02-06,0
Barakaat 2,1127,2019-02-07,0
Barakaat 2,1128,2019-02-08,0
Barakaat 2,1129,2019-02-09,0
Barakaat 2,1130,2019-02-10,0
Barakaat 2,1131,2019-02-11,0
Barakaat 2,1132,2019-02-12,0
Barakaat 2,1133,2019-02-13,0
Barakaat 2,1134,2019-02-14,0
Barakaat 2,1135,2019-02-15,0
Barakaat 2,1136,2019-02-16,0
Barakaat 2,1137,2019-02-17,0
Barakaat 2,1138,2019-02-18,0
Barakaat 2,1139,2019-02-19,0
Barakaat 2,1140,2019-02-20,0
Barakaat 2,1141,2019-02-21,0
Barakaat 2,1142,2019-02-22,0
Barakaat 2,1143,2019-02-23,0
Barakaat 2,1144,2019-02-24,0
Barakaat 2,1145,2019-02-25,0
Barakaat 2,1146,2019-02-26,0
Barakaat 2,1147,2019-02-27,0
Barakaat 2,1148,2019-02-28,0
Barakaat 2,1149,2019-03-01,0
Barakaat 2,1150,2019-03-02,0
Barakaat 2,1151,2019-03-03,0
Barakaat 2,1152,2019-03-04,0
Barakaat 2,1153,2019-03-05,0
Barakaat 2,1154,2019-03-06,0
Barakaat 2,1155,2019-03-07,0
Barakaat 2,1156,2019-03-08,0
Barakaat 2,1157,2019-03-09,0
Barakaat 2,1158,2019-03-10,0
Barakaat 2,1159,2019-03-11,0
Barakaat 2,1160,2019-03-12,0
Barakaat 2,1161,2019-03-13,0
Barakaat 2,1162,2019-03-14,0
Barakaat 2,1163,2019-03-15,0
Barakaat 2,1164,2019-03-16,0
Barakaat 2,1165,2019-03-17,0
Barakaat 2,1166,2019-03-18,0
Barakaat 2,1167,2019-03-19,0
Barakaat 2,1168,2019-03-20,0
Barakaat 2,1169,2019-03-21,0
Barakaat 2,1170,2019-03-22,0
Barakaat 2,1171,2019-03-23,0
Barakaat 2,1172,2019-03-24,0
Barakaat 2,1173,2019-03-25,0
Barakaat 2,1174,2019-03-26,0
Barakaat 2,1175,2019-03-27,0
Barakaat 2,1176,2019-03-28,0
Barakaat 2,1177,2019-03-29,0
Barakaat 2,1178,2019-03-30,0
Barakaat 2,1179,2019-03-31,0
Barakaat 2,1180,2019-04-01,0
Barakaat 2,1181,2019-04-02,0
Barakaat 2,1182,2019-04-03,0
Barakaat 2,1183,2019-04-04,0
Barakaat 2,1184,2019-04-05,0
Barakaat 2,1185,2019-04-06,0
Barakaat 2,1186,2019-04-07,0
Barakaat 2,1187,2019-04-08,0
Barakaat 2,1188,2019-04-09,0
Barakaat 2,1189,2019-04-10,0
Barakaat 2,1190,2019-04-11,0
Barakaat 2,1191,2019-04-12,0
Barakaat 2,1192,2019-04-13,0
Barakaat 2,1193,2019-04-14,0
Barakaat 2,1194,2019-04-15,0
Barakaat 2,1195,2019-04-16,0
Barakaat 2,1196,2019-04-17,0
Barakaat 2,1197,2019-04-18,0
Barakaat 2,1198,2019-04-19,0
Barakaat 2,1199,2019-04-20,0
Barakaat 2,1200,2019-04-21,0
Barakaat 2,1201,2019-04-22,0
Barakaat 2,1202,2019-04-23,0
Barakaat 2,1203,2019-04-24,0
Barakaat 2,1204,2019-04-25,0
Barakaat 2,1205,2019-04-26,0
Barakaat 2,1206,2019-04-27,0
Barakaat 2,1207,2019-04-28,0
Barakaat 2,1208,2019-04-29,0
Barakaat 2,1209,2019-04-30,0
Barakaat 2,1210,2019-05-01,0
Barakaat 2,1211,2019-05-02,0
Barakaat 2,1212,2019-05-03,0
Barakaat 2,1213,2019-05-04,0
Barakaat 2,1214,2019-05-05,0
Barakaat 2,1215,2019-05-06,0
Barakaat 2,1216,2019-05-07,0
Barakaat 2,1217,2019-05-08,0
Barakaat 2,1218,2019-05-09,0
Barakaat 2,1219,2019-05-10,0
Barakaat 2,1220,2019-05-11,0
Barakaat 2,1221,2019-05-12,0
Barakaat 2,1222,2019-05-13,0
Barakaat 2,1223,2019-05-14,0
Barakaat 2,1224,2019-05-15,0
Barakaat 2,1225,2019-05-16,0
Barakaat 2,1226,2019-05-17,0
Barakaat 2,1227,2019-05-18,0
Barakaat 2,1228,2019-05-19,0
Barakaat 2,1229,2019-05-20,0
Barakaat 2,1230,2019-05-21,0
Barakaat 2,1231,2019-05-22,0
Barakaat 2,1232,2019-05-23,0
Barakaat 2,1233,2019-05-24,0
Barakaat 2,1234,2019-05-25,0
Barakaat 2,1235,2019-05-26,0
Barakaat 2,1236,2019-05-27,0
Barakaat 2,1237,2019-05-28,0
Barakaat 2,1238,2019-05-29,0
Barakaat 2,1239,2019-05-30,0
Barakaat 2,1240,2019-05-31,0
Barakaat 2,1241,2019-06-01,0
Barakaat 2,1242,2019-06-02,0
Barakaat 2,1243,2019-06-03,0
Barakaat 2,1244,2019-06-04,0
Barakaat 2,1245,2019-06-05,0
Barakaat 2,1246,2019-06-06,0
Barakaat 2,1247,2019-06-07,0
Barakaat 2,1248,2019-06-08,0
Barakaat 2,1249,2019-06-09,0
Barakaat 2,1250,2019-06-10,0
Barakaat 2,1251,2019-06-11,0
Barakaat 2,1252,2019-06-12,0
Barakaat 2,1253,2019-06-13,0
Barakaat 2,1254,2019-06-14,0
Barakaat 2,1255,2019-06-15,0
Barakaat 2,1256,2019-06-16,0
Barakaat 2,1257,2019-06-17,0
Barakaat 2,1258,2019-06-18,0
Barakaat 2,1259,2019-06-19,0
Barakaat 2,1260,2019-06-20,0
Barakaat 2,1261,2019-06-21,0
Barakaat 2,1262,2019-06-22,0
Barakaat 2,1263,2019-06-23,0
Barakaat 2,1264,2019-06-24,0
Barakaat 2,1265,2019-06-25,0
Barakaat 2,1266,2019-06-26,0
Calamada,1266,2019-06-26,3837
Barakaat 2,1267,2019-06-27,0
Barakaat 2,1268,2019-06-28,0
Barakaat 2,1269,2019-06-29,0
Kahda,1269,2019-06-29,734
Moallim Nuur,1269,2019-06-29,3638
Barakaat 2,1270,2019-06-30,0
Barakaat 2,1271,2019-07-01,0
Barakaat 2,1272,2019-07-02,0
Barakaat 2,1273,2019-07-03,0
Barakaat 2,1274,2019-07-04,0
Barakaat 2,1275,2019-07-05,0
Barakaat 2,1276,2019-07-06,0
Barakaat 2,1277,2019-07-07,0
Barakaat 2,1278,2019-07-08,0
Barakaat 2,1279,2019-07-09,0
Barakaat 2,1280,2019-07-10,0
Barakaat 2,1281,2019-07-11,0
Barakaat 2,1282,2019-07-12,0
Barakaat 2,1283,2019-07-13,0
Barakaat 2,1284,2019-07-14,0
Barakaat 2,1285,2019-07-15,0
Barakaat 2,1286,2019-07-16,0
Barakaat 2,1287,2019-07-17,0
Barakaat 2,1288,2019-07-18,0
Barakaat 2,1289,2019-07-19,0
Barakaat 2,1290,2019-07-20,0
Barakaat 2,1291,2019-07-21,0
Barakaat 2,1292,2019-07-22,0
Barakaat 2,1293,2019-07-23,0
Barakaat 2,1294,2019-07-24,0
Barakaat 2,1295,2019-07-25,0
Barakaat 2,1296,2019-07-26,0
Barakaat 2,1297,2019-07-27,0
Barakaat 2,1298,2019-07-28,0
Barakaat 2,1299,2019-07-29,0
Barakaat 2,1300,2019-07-30,0
Barakaat 2,1301,2019-07-31,0
Barakaat 2,1302,2019-08-01,0
Barakaat 2,1303,2019-08-02,0
Barakaat 2,1304,2019-08-03,0
Barakaat 2,1305,2019-08-04,0
Barakaat 2,1306,2019-08-05,0
Barakaat 2,1307,2019-08-06,0
Barakaat 2,1308,2019-08-07,0
Barakaat 2,1309,2019-08-08,0
Barakaat 2,1310,2019-08-09,0
Barakaat 2,1311,2019-08-10,0
Barakaat 2,1312,2019-08-11,0
Barakaat 2,1313,2019-08-12,0
Barakaat 2,1314,2019-08-13,0
Barakaat 2,1315,2019-08-14,0
Barakaat 2,1316,2019-08-15,0
Barakaat 2,1317,2019-08-16,0
Barakaat 2,1318,2019-08-17,0
Barakaat 2,1319,2019-08-18,0
Barakaat 2,1320,2019-08-19,0
Barakaat 2,1321,2019-08-20,0
Barakaat 2,1322,2019-08-21,0
Barakaat 2,1323,2019-08-22,0
Barakaat 2,1324,2019-08-23,0
Barakaat 2,1325,2019-08-24,0
Barakaat 2,1326,2019-08-25,0
Barakaat 2,1327,2019-08-26,0
Barakaat 2,1328,2019-08-27,0
Barakaat 2,1329,2019-08-28,0
Barakaat 2,1330,2019-08-29,0
Barakaat 2,1331,2019-08-30,0
Barakaat 2,1332,2019-08-31,0
Barakaat 2,1333,2019-09-01,0
Barakaat 2,1334,2019-09-02,0
Barakaat 2,1335,2019-09-03,0
Barakaat 2,1336,2019-09-04,0
Barakaat 2,1337,2019-09-05,0
Barakaat 2,1338,2019-09-06,0
Barakaat 2,1339,2019-09-07,0
Barakaat 2,1340,2019-09-08,0
Barakaat 2,1341,2019-09-09,0
Barakaat 2,1342,2019-09-10,0
Barakaat 2,1343,2019-09-11,0
Barakaat 2,1344,2019-09-12,0
Barakaat 2,1345,2019-09-13,0
Barakaat 2,1346,2019-09-14,0
Barakaat 2,1347,2019-09-15,0
Barakaat 2,1348,2019-09-16,0
Barakaat 2,1349,2019-09-17,0
Barakaat 2,1350,2019-09-18,0
Barakaat 2,1351,2019-09-19,0
Barakaat 2,1352,2019-09-20,0
Barakaat 2,1353,2019-09-21,0
Barakaat 2,1354,2019-09-22,0
Barakaat 2,1355,2019-09-23,0
Barakaat 2,1356,2019-09-24,0
Barakaat 2,1357,2019-09-25,0
Barakaat 2,1358,2019-09-26,0
Barakaat 2,1359,2019-09-27,0
Barakaat 2,1360,2019-09-28,0
Barakaat 2,1361,2019-09-29,0
Barakaat 2,1362,2019-09-30,0
Barakaat 2,1363,2019-10-01,0
Barakaat 2,1364,2019-10-02,0
Barakaat 2,1365,2019-10-03,0
Barakaat 2,1366,2019-10-04,0
Barakaat 2,1367,2019-10-05,0
Barakaat 2,1368,2019-10-06,0
Barakaat 2,1369,2019-10-07,0
Barakaat 2,1370,2019-10-08,0
Barakaat 2,1371,2019-10-09,0
Barakaat 2,1372,2019-10-10,0
Barakaat 2,1373,2019-10-11,0
Barakaat 2,1374,2019-10-12,0
Barakaat 2,1375,2019-10-13,0
Barakaat 2,1376,2019-10-14,0
Barakaat 2,1377,2019-10-15,0
Barakaat 2,1378,2019-10-16,0
Barakaat 2,1379,2019-10-17,0
Barakaat 2,1380,2019-10-18,0
Barakaat 2,1381,2019-10-19,0
Barakaat 2,1382,2019-10-20,0
Barakaat 2,1383,2019-10-21,0
Barakaat 2,1384,2019-10-22,0
Barakaat 2,1385,2019-10-23,0
Barakaat 2,1386,2019-10-24,0
Barakaat 2,1387,2019-10-25,0
Barakaat 2,1388,2019-10-26,0
Barakaat 2,1389,2019-10-27,0
Barakaat 2,1390,2019-10-28,0
Barakaat 2,1391,2019-10-29,0
Barakaat 2,1392,2019-10-30,0
Barakaat 2,1393,2019-10-31,0
Barakaat 2,1394,2019-11-01,0
Barakaat 2,1395,2019-11-02,0
Barakaat 2,1396,2019-11-03,0
Barakaat 2,1397,2019-11-04,0
Barakaat 2,1398,2019-11-05,0
Barakaat 2,1399,2019-11-06,0
Barakaat 2,1400,2019-11-07,0
Barakaat 2,1401,2019-11-08,0
Barakaat 2,1402,2019-11-09,0
Barakaat 2,1403,2019-11-10,0
Barakaat 2,1404,2019-11-11,0
Barakaat 2,1405,2019-11-12,0
Barakaat 2,1406,2019-11-13,0
Barakaat 2,1407,2019-11-14,0
Barakaat 2,1408,2019-11-15,0
Barakaat 2,1409,2019-11-16,0
Barakaat 2,1410,2019-11-17,0
Barakaat 2,1476,2020-01-22,16
Calamada,1483,2020-01-29,4415
Kahda,1483,2020-01-29,928
Moallim Nuur,1483,2020-01-29,3745
Calamada,1495,2020-02-10,4436
Barakaat 2,1501,2020-02-16,170
Kahda,1501,2020-02-16,978
Moallim Nuur,1501,2020-02-16,3783
Calamada,1517,2020-03-03,4470
Iskool Bolisii,1522,2020-03-08,402
Kahda,1531,2020-03-17,1016
Barakaat 2,1540,2020-03-26,462
Iskool Bolisii,1552,2020-04-07,419
Barakaat 1,1571,2020-04-26,5483
Calamada,1571,2020-04-26,4642
Kahda,1572,2020-04-27,1101
Iskool Bolisii,1590,2020-05-15,486
Barakaat 1,1604,2020-05-29,5514
Barakaat 2,1604,2020-05-29,976
Kahda,1604,2020-05-29,1163
Moallim Nuur,1604,2020-05-29,3840
Iskool Bolisii,1616,2020-06-10,581
Kahda,1616,2020-06-10,1175
Moallim Nuur,1616,2020-06-10,3840
Barakaat 1,1621,2020-06-15,5568
Calamada,1626,2020-06-20,4861
Barakaat 1,1629,2020-06-23,5568
Barakaat 2,1635,2020-06-29,1270
Barakaat 1,1643,2020-07-07,5568
Kahda,1643,2020-07-07,1195
Barakaat 2,1647,2020-07-11,1423
Moallim Nuur,1647,2020-07-11,3849
Iskool Bolisii,1666,2020-07-30,720
Barakaat 1,1685,2020-08-18,5568
Moallim Nuur,1685,2020-08-18,3856
Barakaat 2,1691,2020-08-24,1621
Calamada,1714,2020-09-16,5159
Barakaat 2,1723,2020-09-25,1992
Moallim Nuur,1723,2020-09-25,3856
Barakaat 1,1725,2020-09-27,5568
Kahda,1725,2020-09-27,1324
Barakaat 1,1729,2020-10-01,5568
Kahda,1729,2020-10-01,1325
