"date","new_area_ipol","new_area_index","new_area_excess"
2016-10-04,0,0,-55.301188868608
2016-10-05,84,73.7349184914773,18.4337296228693
2016-10-06,82,61.4457654095644,6.14457654095644
2016-10-07,83,79.8794950324337,24.5783061638258
2016-10-08,82,73.7349184914773,18.4337296228693
2016-10-09,84,79.8794950324337,24.5783061638258
2016-10-10,83,67.5903419505209,12.2891530819129
2016-10-11,81,79.8794950324337,24.5783061638258
2016-10-12,83,67.5903419505209,12.2891530819129
2016-10-13,83,79.8794950324337,24.5783061638258
2016-10-14,84,61.4457654095644,6.14457654095644
2016-10-15,82,79.8794950324337,24.5783061638258
2016-10-16,83,79.8794950324337,24.5783061638258
2016-10-17,83,73.7349184914773,18.4337296228693
2016-10-18,82,73.7349184914773,18.4337296228693
2016-10-19,83,67.5903419505209,12.2891530819129
2016-10-20,83,79.8794950324337,24.5783061638258
2016-10-21,83,73.7349184914773,18.4337296228693
2016-10-22,83,73.7349184914773,18.4337296228693
2016-10-23,82,67.5903419505209,12.2891530819129
2016-10-24,84,73.7349184914773,18.4337296228693
2016-10-25,81,79.8794950324337,24.5783061638258
2016-10-26,83,73.7349184914773,18.4337296228693
2016-10-27,82,73.7349184914773,18.4337296228693
2016-10-28,84,73.7349184914773,18.4337296228693
2016-10-29,84,73.7349184914773,18.4337296228693
2016-10-30,81,67.5903419505209,12.2891530819129
2016-10-31,83,79.8794950324337,24.5783061638258
2016-11-01,83,67.5903419505209,12.2891530819129
2016-11-02,83,79.8794950324337,24.5783061638258
2016-11-03,64,55.301188868608,0
2016-11-04,65,55.301188868608,0
2016-11-05,66,49.1566123276515,-6.14457654095644
2016-11-06,64,55.301188868608,0
2016-11-07,65,55.301188868608,0
2016-11-08,65,61.4457654095644,6.14457654095644
2016-11-09,64,49.1566123276515,-6.14457654095644
2016-11-10,65,49.1566123276515,-6.14457654095644
2016-11-11,65,61.4457654095644,6.14457654095644
2016-11-12,66,55.301188868608,0
2016-11-13,63,61.4457654095644,6.14457654095644
2016-11-14,66,43.0120357866951,-12.2891530819129
2016-11-15,64,61.4457654095644,6.14457654095644
2016-11-16,65,49.1566123276515,-6.14457654095644
2016-11-17,65,55.301188868608,0
2016-11-18,64,55.301188868608,0
2016-11-19,66,55.301188868608,0
2016-11-20,64,61.4457654095644,6.14457654095644
2016-11-21,66,55.301188868608,0
2016-11-22,64,43.0120357866951,-12.2891530819129
2016-11-23,64,55.301188868608,0
2016-11-24,65,55.301188868608,0
2016-11-25,65,61.4457654095644,6.14457654095644
2016-11-26,66,55.301188868608,0
2016-11-27,63,55.301188868608,0
2016-11-28,66,49.1566123276515,-6.14457654095644
2016-11-29,64,55.301188868608,0
2016-11-30,65,55.301188868608,0
2016-12-01,65,49.1566123276515,-6.14457654095644
2016-12-02,64,61.4457654095644,6.14457654095644
2016-12-03,66,55.301188868608,0
2016-12-04,64,55.301188868608,0
2016-12-05,66,55.301188868608,0
2016-12-06,65,55.301188868608,0
2016-12-07,63,49.1566123276515,-6.14457654095644
2016-12-08,66,55.301188868608,0
2016-12-09,64,55.301188868608,0
2016-12-10,66,49.1566123276515,-6.14457654095644
2016-12-11,63,61.4457654095644,6.14457654095644
2016-12-12,66,55.301188868608,0
2016-12-13,65,61.4457654095644,6.14457654095644
2016-12-14,64,49.1566123276515,-6.14457654095644
2016-12-15,66,43.0120357866951,-12.2891530819129
2016-12-16,63,61.4457654095644,6.14457654095644
2016-12-17,65,55.301188868608,0
2016-12-18,65,61.4457654095644,6.14457654095644
2016-12-19,66,49.1566123276515,-6.14457654095644
2016-12-20,65,61.4457654095644,6.14457654095644
2016-12-21,63,49.1566123276515,-6.14457654095644
2016-12-22,66,55.301188868608,0
2016-12-23,64,49.1566123276515,-6.14457654095644
2016-12-24,65,55.301188868608,0
2016-12-25,66,61.4457654095644,6.14457654095644
2016-12-26,64,55.301188868608,0
2016-12-27,65,49.1566123276515,-6.14457654095644
2016-12-28,64,55.301188868608,0
2016-12-29,66,55.301188868608,0
2016-12-30,63,55.301188868608,0
2016-12-31,65,55.301188868608,0
2017-01-01,67,55.301188868608,0
2017-01-02,64,49.1566123276515,-6.14457654095644
2017-01-03,65,61.4457654095644,6.14457654095644
2017-01-04,63,55.301188868608,0
2017-01-05,66,49.1566123276515,-6.14457654095644
2017-01-06,64,55.301188868608,0
2017-01-07,65,49.1566123276515,-6.14457654095644
2017-01-08,66,61.4457654095644,6.14457654095644
2017-01-09,63,43.0120357866951,-12.2891530819129
2017-01-10,64,61.4457654095644,6.14457654095644
2017-01-11,64,55.301188868608,0
2017-01-12,66,49.1566123276515,-6.14457654095644
2017-01-13,63,61.4457654095644,6.14457654095644
2017-01-14,65,49.1566123276515,-6.14457654095644
2017-01-15,66,49.1566123276515,-6.14457654095644
2017-01-16,64,55.301188868608,0
2017-01-17,65,61.4457654095644,6.14457654095644
2017-01-18,64,49.1566123276515,-6.14457654095644
2017-01-19,65,49.1566123276515,-6.14457654095644
2017-01-20,64,61.4457654095644,6.14457654095644
2017-01-21,64,55.301188868608,0
2017-01-22,66,55.301188868608,0
2017-01-23,63,43.0120357866951,-12.2891530819129
2017-01-24,65,61.4457654095644,6.14457654095644
2017-01-25,65,49.1566123276515,-6.14457654095644
2017-01-26,65,55.301188868608,0
2017-01-27,64,55.301188868608,0
2017-01-28,64,49.1566123276515,-6.14457654095644
2017-01-29,66,61.4457654095644,6.14457654095644
2017-01-30,64,49.1566123276515,-6.14457654095644
2017-01-31,64,49.1566123276515,-6.14457654095644
2017-02-01,64,55.301188868608,0
2017-02-02,65,55.301188868608,0
2017-02-03,65,55.301188868608,0
2017-02-04,64,55.301188868608,0
2017-02-05,66,55.301188868608,0
2017-02-06,63,49.1566123276515,-6.14457654095644
2017-02-07,65,55.301188868608,0
2017-02-08,66,55.301188868608,0
2017-02-09,64,43.0120357866951,-12.2891530819129
2017-02-10,63,61.4457654095644,6.14457654095644
2017-02-11,65,55.301188868608,0
2017-02-12,65,55.301188868608,0
2017-02-13,64,49.1566123276515,-6.14457654095644
2017-02-14,65,61.4457654095644,6.14457654095644
2017-02-15,65,49.1566123276515,-6.14457654095644
2017-02-16,64,55.301188868608,0
2017-02-17,65,55.301188868608,0
2017-02-18,65,49.1566123276515,-6.14457654095644
2017-02-19,65,55.301188868608,0
2017-02-20,62,55.301188868608,0
2017-02-21,65,61.4457654095644,6.14457654095644
2017-02-22,66,43.0120357866951,-12.2891530819129
2017-02-23,64,55.301188868608,0
2017-02-24,64,55.301188868608,0
2017-02-25,65,49.1566123276515,-6.14457654095644
2017-02-26,65,61.4457654095644,6.14457654095644
2017-02-27,101,55.301188868608,0
2017-02-28,103,55.301188868608,0
2017-03-01,102,61.4457654095644,6.14457654095644
2017-03-02,101,67.5903419505209,12.2891530819129
2017-03-03,101,43.0120357866951,-12.2891530819129
2017-03-04,102,61.4457654095644,6.14457654095644
2017-03-05,102,61.4457654095644,6.14457654095644
2017-03-06,102,55.301188868608,0
2017-03-07,102,61.4457654095644,6.14457654095644
2017-03-08,102,55.301188868608,0
2017-03-09,101,61.4457654095644,6.14457654095644
2017-03-10,102,61.4457654095644,6.14457654095644
2017-03-11,102,55.301188868608,0
2017-03-12,102,61.4457654095644,6.14457654095644
2017-03-13,101,49.1566123276515,-6.14457654095644
2017-03-14,102,67.5903419505209,12.2891530819129
2017-03-15,102,61.4457654095644,6.14457654095644
2017-03-16,101,49.1566123276515,-6.14457654095644
2017-03-17,102,61.4457654095644,6.14457654095644
2017-03-18,102,61.4457654095644,6.14457654095644
2017-03-19,102,55.301188868608,0
2017-03-20,102,55.301188868608,0
2017-03-21,102,61.4457654095644,6.14457654095644
2017-03-22,102,55.301188868608,0
2017-03-23,101,67.5903419505209,12.2891530819129
2017-03-24,101,55.301188868608,0
2017-03-25,101,49.1566123276515,-6.14457654095644
2017-03-26,102,67.5903419505209,12.2891530819129
2017-03-27,102,55.301188868608,0
2017-03-28,102,61.4457654095644,6.14457654095644
2017-03-29,102,55.301188868608,0
2017-03-30,101,61.4457654095644,6.14457654095644
2017-03-31,103,55.301188868608,0
2017-04-01,102,55.301188868608,0
2017-04-02,101,61.4457654095644,6.14457654095644
2017-04-03,101,55.301188868608,0
2017-04-04,102,61.4457654095644,6.14457654095644
2017-04-05,102,61.4457654095644,6.14457654095644
2017-04-06,101,61.4457654095644,6.14457654095644
2017-04-07,103,49.1566123276515,-6.14457654095644
2017-04-08,102,61.4457654095644,6.14457654095644
2017-04-09,101,61.4457654095644,6.14457654095644
2017-04-10,102,55.301188868608,0
2017-04-11,102,61.4457654095644,6.14457654095644
2017-04-12,102,55.301188868608,0
2017-04-13,101,61.4457654095644,6.14457654095644
2017-04-14,102,61.4457654095644,6.14457654095644
2017-04-15,102,55.301188868608,0
2017-04-16,101,55.301188868608,0
2017-04-17,103,55.301188868608,0
2017-04-18,101,67.5903419505209,12.2891530819129
2017-04-19,102,55.301188868608,0
2017-04-20,102,55.301188868608,7.105427357601e-15
2017-04-21,102,61.4457654095644,6.14457654095644
2017-04-22,102,55.301188868608,0
2017-04-23,101,61.4457654095644,6.14457654095644
2017-04-24,102,55.301188868608,0
2017-04-25,101,61.4457654095644,6.14457654095644
2017-04-26,102,55.301188868608,0
2017-04-27,102,67.5903419505209,12.2891530819129
2017-04-28,102,49.1566123276515,-6.14457654095644
2017-04-29,102,55.301188868608,0
2017-04-30,101,67.5903419505209,12.2891530819129
2017-05-01,103,49.1566123276515,-6.14457654095644
2017-05-02,101,67.5903419505209,12.2891530819129
2017-05-03,102,55.301188868608,0
2017-05-04,103,55.301188868608,0
2017-05-05,100,61.4457654095644,6.14457654095644
2017-05-06,102,55.301188868608,0
2017-05-07,101,61.4457654095644,6.14457654095644
2017-05-08,103,55.301188868608,0
2017-05-09,101,61.4457654095644,6.14457654095644
2017-05-10,101,61.4457654095644,6.14457654095644
2017-05-11,103,61.4457654095644,6.14457654095644
2017-05-12,101,49.1566123276515,-6.14457654095644
2017-05-13,102,61.4457654095644,6.14457654095644
2017-05-14,101,55.301188868608,0
2017-05-15,102,61.4457654095644,6.14457654095644
2017-05-16,102,61.4457654095644,6.14457654095644
2017-05-17,101,49.1566123276515,-6.14457654095644
2017-05-18,103,67.5903419505209,12.2891530819129
2017-05-19,101,61.4457654095644,6.14457654095644
2017-05-20,102,49.1566123276515,-6.14457654095644
2017-05-21,101,61.4457654095644,6.14457654095644
2017-05-22,103,61.4457654095644,6.14457654095644
2017-05-23,102,55.301188868608,0
2017-05-24,101,61.4457654095644,6.14457654095644
2017-05-25,102,55.301188868608,7.105427357601e-15
2017-05-26,101,55.301188868608,0
2017-05-27,102,61.4457654095644,6.14457654095644
2017-05-28,102,61.4457654095644,6.14457654095644
2017-05-29,102,49.1566123276515,-6.14457654095644
2017-05-30,102,67.5903419505209,12.2891530819129
2017-05-31,101,55.301188868608,0
2017-06-01,103,67.5903419505209,12.2891530819129
2017-06-02,101,49.1566123276515,-6.14457654095644
2017-06-03,102,55.301188868608,0
2017-06-04,103,67.5903419505209,12.2891530819129
2017-06-05,100,49.1566123276515,-6.14457654095644
2017-06-06,102,67.5903419505209,12.2891530819129
2017-06-07,101,55.301188868608,0
2017-06-08,103,55.301188868608,0
2017-06-09,101,61.4457654095644,6.14457654095644
2017-06-10,102,55.301188868608,0
2017-06-11,103,55.301188868608,0
2017-06-12,101,61.4457654095644,6.14457654095644
2017-06-13,102,61.4457654095644,6.14457654095644
2017-06-14,102,55.301188868608,0
2017-06-15,101,67.5903419505209,12.2891530819129
2017-06-16,101,49.1566123276515,-6.14457654095644
2017-06-17,102,55.301188868608,0
2017-06-18,103,67.5903419505209,12.2891530819129
2017-06-19,101,55.301188868608,0
2017-06-20,102,55.301188868608,0
2017-06-21,102,55.301188868608,0
2017-06-22,102,67.5903419505209,12.2891530819129
2017-06-23,101,55.301188868608,0
2017-06-24,102,49.1566123276515,-6.14457654095644
2017-06-25,102,67.5903419505209,12.2891530819129
2017-06-26,100,55.301188868608,0
2017-06-27,102,61.4457654095644,6.14457654095644
2017-06-28,102,61.4457654095644,6.14457654095644
2017-06-29,102,55.301188868608,7.105427357601e-15
2017-06-30,102,55.301188868608,0
2017-07-01,101,61.4457654095644,6.14457654095644
2017-07-02,103,61.4457654095644,6.14457654095644
2017-07-03,101,49.1566123276515,-6.14457654095644
2017-07-04,102,67.5903419505209,12.2891530819129
2017-07-05,102,55.301188868608,0
2017-07-06,101,61.4457654095644,6.14457654095644
2017-07-07,102,55.301188868608,0
2017-07-08,102,55.301188868608,0
2017-07-09,102,61.4457654095644,6.14457654095644
2017-07-10,101,55.301188868608,0
2017-07-11,102,67.5903419505209,12.2891530819129
2017-07-12,102,49.1566123276515,-6.14457654095644
2017-07-13,102,61.4457654095644,6.14457654095644
2017-07-14,102,61.4457654095644,6.14457654095644
2017-07-15,102,55.301188868608,0
2017-07-16,102,55.301188868608,7.105427357601e-15
2017-07-17,100,61.4457654095644,6.14457654095644
2017-07-18,102,55.301188868608,0
2017-07-19,103,61.4457654095644,6.14457654095644
2017-07-20,101,67.5903419505209,12.2891530819129
2017-07-21,102,43.0120357866951,-12.2891530819129
2017-07-22,102,61.4457654095644,6.14457654095644
2017-07-23,102,67.5903419505209,12.2891530819129
2017-07-24,101,55.301188868608,0
2017-07-25,103,55.301188868608,0
2017-07-26,102,55.301188868608,0
2017-07-27,100,67.5903419505209,12.2891530819129
2017-07-28,102,55.301188868608,0
2017-07-29,102,49.1566123276515,-6.14457654095644
2017-07-30,102,67.5903419505209,12.2891530819129
2017-07-31,101,55.301188868608,0
2017-08-01,103,61.4457654095644,6.14457654095644
2017-08-02,102,61.4457654095644,6.14457654095644
2017-08-03,101,49.1566123276515,-6.14457654095644
2017-08-04,102,61.4457654095644,6.14457654095644
2017-08-05,102,61.4457654095644,6.14457654095644
2017-08-06,101,55.301188868608,0
2017-08-07,101,55.301188868608,0
2017-08-08,103,67.5903419505209,12.2891530819129
2017-08-09,102,49.1566123276515,-6.14457654095644
2017-08-10,101,67.5903419505209,12.2891530819129
2017-08-11,101,55.301188868608,0
2017-08-12,102,49.1566123276515,-6.14457654095644
2017-08-13,102,67.5903419505209,12.2891530819129
2017-08-14,102,55.301188868608,0
2017-08-15,102,61.4457654095644,6.14457654095644
2017-08-16,102,55.301188868608,0
2017-08-17,100,61.4457654095644,6.14457654095644
2017-08-18,103,55.301188868608,0
2017-08-19,101,61.4457654095644,6.14457654095644
2017-08-20,102,55.301188868608,7.105427357601e-15
2017-08-21,102,61.4457654095644,6.14457654095644
2017-08-22,102,55.301188868608,0
2017-08-23,102,61.4457654095644,6.14457654095644
2017-08-24,101,67.5903419505209,12.2891530819129
2017-08-25,103,43.0120357866951,-12.2891530819129
2017-08-26,101,61.4457654095644,6.14457654095644
2017-08-27,101,67.5903419505209,12.2891530819129
2017-08-28,102,49.1566123276515,-6.14457654095644
2017-08-29,102,61.4457654095644,6.14457654095644
2017-08-30,102,55.301188868608,0
2017-08-31,101,61.4457654095644,6.14457654095644
2017-09-01,103,61.4457654095644,6.14457654095644
2017-09-02,102,49.1566123276515,-6.14457654095644
2017-09-03,101,61.4457654095644,6.14457654095644
2017-09-04,102,61.4457654095644,6.14457654095644
2017-09-05,102,61.4457654095644,6.14457654095644
2017-09-06,102,55.301188868608,0
2017-09-07,100,55.301188868608,0
2017-09-08,103,61.4457654095644,6.14457654095644
2017-09-09,102,55.301188868608,0
2017-09-10,101,61.4457654095644,6.14457654095644
2017-09-11,103,55.301188868608,0
2017-09-12,101,61.4457654095644,6.14457654095644
2017-09-13,102,55.301188868608,0
2017-09-14,101,67.5903419505209,12.2891530819129
2017-09-15,103,55.301188868608,0
2017-09-16,102,49.1566123276515,-6.14457654095644
2017-09-17,100,67.5903419505209,12.2891530819129
2017-09-18,103,55.301188868608,0
2017-09-19,101,61.4457654095644,6.14457654095644
2017-09-20,102,55.301188868608,0
2017-09-21,101,61.4457654095644,6.14457654095644
2017-09-22,103,55.301188868608,0
2017-09-23,102,67.5903419505209,12.2891530819129
2017-09-24,101,49.1566123276515,-6.14457654095644
2017-09-25,103,55.301188868608,0
2017-09-26,100,61.4457654095644,6.14457654095644
2017-09-27,102,61.4457654095644,6.14457654095644
2017-09-28,102,61.4457654095644,6.14457654095644
2017-09-29,101,49.1566123276515,-6.14457654095644
2017-09-30,102,67.5903419505209,12.2891530819129
2017-10-01,101,55.301188868608,0
2017-10-02,103,55.301188868608,0
2017-10-03,101,61.4457654095644,6.14457654095644
2017-10-04,102,49.1566123276515,-6.14457654095644
2017-10-05,103,67.5903419505209,12.2891530819129
2017-10-06,101,61.4457654095644,6.14457654095644
2017-10-07,102,49.1566123276515,-6.14457654095644
2017-10-08,100,61.4457654095644,6.14457654095644
2017-10-09,103,61.4457654095644,6.14457654095644
2017-10-10,101,55.301188868608,0
2017-10-11,102,61.4457654095644,6.14457654095644
2017-10-12,103,61.4457654095644,6.14457654095644
2017-10-13,101,55.301188868608,0
2017-10-14,102,61.4457654095644,6.14457654095644
2017-10-15,101,55.301188868608,0
2017-10-16,103,55.301188868608,0
2017-10-17,101,61.4457654095644,6.14457654095644
2017-10-18,101,55.301188868608,0
2017-10-19,103,67.5903419505209,12.2891530819129
2017-10-20,101,49.1566123276515,-6.14457654095644
2017-10-21,102,61.4457654095644,6.14457654095644
2017-10-22,102,61.4457654095644,6.14457654095644
2017-10-23,102,49.1566123276515,-6.14457654095644
2017-10-24,102,67.5903419505209,12.2891530819129
2017-10-25,101,55.301188868608,0
2017-10-26,103,55.301188868608,0
2017-10-27,101,61.4457654095644,6.14457654095644
2017-10-28,102,67.5903419505209,12.2891530819129
2017-10-29,101,43.0120357866951,-12.2891530819129
2017-10-30,102,61.4457654095644,6.14457654095644
2017-10-31,102,61.4457654095644,6.14457654095644
2017-11-01,101,55.301188868608,0
2017-11-02,103,67.5903419505209,12.2891530819129
2017-11-03,101,49.1566123276515,-6.14457654095644
2017-11-04,102,61.4457654095644,6.14457654095644
2017-11-05,102,61.4457654095644,6.14457654095644
2017-11-06,102,55.301188868608,0
2017-11-07,102,61.4457654095644,6.14457654095644
2017-11-08,100,55.301188868608,0
2017-11-09,103,61.4457654095644,6.14457654095644
2017-11-10,101,61.4457654095644,6.14457654095644
2017-11-11,101,49.1566123276515,-6.14457654095644
2017-11-12,103,61.4457654095644,6.14457654095644
2017-11-13,101,61.4457654095644,6.14457654095644
2017-11-14,102,55.301188868608,0
2017-11-15,102,61.4457654095644,6.14457654095644
2017-11-16,102,61.4457654095644,6.14457654095644
2017-11-17,101,49.1566123276515,-6.14457654095644
2017-11-18,102,67.5903419505209,12.2891530819129
2017-11-19,102,55.301188868608,0
2017-11-20,101,49.1566123276515,-6.14457654095644
2017-11-21,102,67.5903419505209,12.2891530819129
2017-11-22,102,55.301188868608,0
2017-11-23,102,61.4457654095644,6.14457654095644
2017-11-24,101,55.301188868608,0
2017-11-25,102,61.4457654095644,6.14457654095644
2017-11-26,103,55.301188868608,0
2017-11-27,101,55.301188868608,0
2017-11-28,102,67.5903419505209,12.2891530819129
2017-11-29,101,49.1566123276515,-6.14457654095644
2017-11-30,102,61.4457654095644,6.14457654095644
2017-12-01,101,61.4457654095644,6.14457654095644
2017-12-02,103,61.4457654095644,6.14457654095644
2017-12-03,102,49.1566123276515,-6.14457654095644
2017-12-04,101,61.4457654095644,6.14457654095644
2017-12-05,102,67.5903419505209,12.2891530819129
2017-12-06,102,49.1566123276515,-6.14457654095644
2017-12-07,102,61.4457654095644,6.14457654095644
2017-12-08,102,55.301188868608,0
2017-12-09,102,61.4457654095644,6.14457654095644
2017-12-10,101,61.4457654095644,6.14457654095644
2017-12-11,101,55.301188868608,0
2017-12-12,102,55.301188868608,0
2017-12-13,102,61.4457654095644,6.14457654095644
2017-12-14,102,61.4457654095644,6.14457654095644
2017-12-15,102,55.301188868608,0
2017-12-16,102,55.301188868608,0
2017-12-17,102,61.4457654095644,6.14457654095644
2017-12-18,101,55.301188868608,0
2017-12-19,102,61.4457654095644,6.14457654095644
2017-12-20,101,61.4457654095644,6.14457654095644
2017-12-21,102,55.301188868608,0
2017-12-22,102,55.301188868608,0
2017-12-23,102,67.5903419505209,12.2891530819129
2017-12-24,102,49.1566123276515,-6.14457654095644
2017-12-25,101,55.301188868608,0
2017-12-26,103,67.5903419505209,12.2891530819129
2017-12-27,102,49.1566123276515,-6.14457654095644
2017-12-28,100,67.5903419505209,12.2891530819129
2017-12-29,102,55.301188868608,0
2017-12-30,101,61.4457654095644,6.14457654095644
2017-12-31,102,55.301188868608,0
2018-01-01,95,61.4457654095644,6.14457654095644
2018-01-02,97,55.301188868608,7.105427357601e-15
2018-01-03,96,67.5903419505208,12.2891530819129
2018-01-04,95,55.301188868608,7.105427357601e-15
2018-01-05,96,61.4457654095644,6.14457654095644
2018-01-06,96,55.301188868608,0
2018-01-07,96,67.5903419505209,12.2891530819129
2018-01-08,95,61.4457654095644,6.14457654095644
2018-01-09,97,55.301188868608,0
2018-01-10,95,55.301188868608,7.105427357601e-15
2018-01-11,95,73.7349184914773,18.4337296228693
2018-01-12,96,49.1566123276515,-6.14457654095644
2018-01-13,96,61.4457654095644,6.14457654095644
2018-01-14,96,61.4457654095644,6.14457654095644
2018-01-15,96,55.301188868608,0
2018-01-16,96,67.5903419505209,12.2891530819129
2018-01-17,96,61.4457654095644,6.14457654095644
2018-01-18,95,49.1566123276515,-6.14457654095644
2018-01-19,96,67.5903419505209,12.2891530819129
2018-01-20,96,61.4457654095644,6.14457654095644
2018-01-21,95,55.301188868608,0
2018-01-22,96,61.4457654095644,6.14457654095644
2018-01-23,96,61.4457654095644,6.14457654095644
2018-01-24,96,55.301188868608,0
2018-01-25,95,67.5903419505209,12.2891530819129
2018-01-26,96,55.301188868608,7.105427357601e-15
2018-01-27,97,67.5903419505209,12.2891530819129
2018-01-28,95,55.301188868608,0
2018-01-29,96,61.4457654095644,6.14457654095644
2018-01-30,96,61.4457654095644,6.14457654095644
2018-01-31,95,55.301188868608,0
2018-02-01,96,61.4457654095644,6.14457654095644
2018-02-02,95,67.5903419505209,12.2891530819129
2018-02-03,97,49.1566123276515,-6.14457654095644
2018-02-04,95,67.5903419505209,12.2891530819129
2018-02-05,96,61.4457654095644,6.14457654095644
2018-02-06,96,49.1566123276515,-6.14457654095644
2018-02-07,96,67.5903419505209,12.2891530819129
2018-02-08,96,61.4457654095644,6.14457654095644
2018-02-09,95,55.301188868608,0
2018-02-10,96,61.4457654095644,6.14457654095644
2018-02-11,95,61.4457654095644,6.14457654095644
2018-02-12,95,61.4457654095644,6.14457654095644
2018-02-13,97,61.4457654095644,6.14457654095644
2018-02-14,95,55.301188868608,7.105427357601e-15
2018-02-15,96,55.301188868608,0
2018-02-16,95,67.5903419505209,12.2891530819129
2018-02-17,97,61.4457654095644,6.14457654095644
2018-02-18,95,55.301188868608,0
2018-02-19,96,55.301188868608,7.105427357601e-15
2018-02-20,97,73.7349184914773,18.4337296228693
2018-02-21,94,55.301188868608,0
2018-02-22,96,55.301188868608,7.105427357601e-15
2018-02-23,95,61.4457654095644,6.14457654095644
2018-02-24,97,73.7349184914773,18.4337296228693
2018-02-25,96,49.1566123276515,-6.14457654095644
2018-02-26,95,61.4457654095644,6.14457654095644
2018-02-27,97,55.301188868608,7.105427357601e-15
2018-02-28,95,61.4457654095644,6.14457654095644
2018-03-01,96,67.5903419505209,12.2891530819129
2018-03-02,95,55.301188868608,7.105427357601e-15
2018-03-03,96,55.301188868608,0
2018-03-04,96,67.5903419505209,12.2891530819129
2018-03-05,95,61.4457654095644,6.14457654095644
2018-03-06,97,55.301188868608,0
2018-03-07,95,55.301188868608,7.105427357601e-15
2018-03-08,96,67.5903419505209,12.2891530819129
2018-03-09,96,61.4457654095644,6.14457654095644
2018-03-10,96,55.301188868608,7.105427357601e-15
2018-03-11,96,61.4457654095644,6.14457654095644
2018-03-12,95,61.4457654095644,6.14457654095644
2018-03-13,97,55.301188868608,7.105427357601e-15
2018-03-14,94,67.5903419505209,12.2891530819129
2018-03-15,96,49.1566123276515,-6.14457654095644
2018-03-16,96,67.5903419505209,12.2891530819129
2018-03-17,96,61.4457654095644,6.14457654095644
2018-03-18,96,55.301188868608,0
2018-03-19,95,61.4457654095644,6.14457654095644
2018-03-20,97,67.5903419505209,12.2891530819129
2018-03-21,96,55.301188868608,7.105427357601e-15
2018-03-22,95,55.301188868608,0
2018-03-23,96,67.5903419505209,12.2891530819129
2018-03-24,95,61.4457654095644,6.14457654095644
2018-03-25,96,55.301188868608,0
2018-03-26,95,55.301188868608,7.105427357601e-15
2018-03-27,97,67.5903419505209,12.2891530819129
2018-03-28,96,61.4457654095644,6.14457654095644
2018-03-29,95,55.301188868608,7.105427357601e-15
2018-03-30,95,61.4457654095644,6.14457654095644
2018-03-31,96,61.4457654095644,6.14457654095644
2018-04-01,96,61.4457654095644,6.14457654095644
2018-04-02,96,61.4457654095644,6.14457654095644
2018-04-03,95,49.1566123276515,-6.14457654095644
2018-04-04,96,61.4457654095644,6.14457654095644
2018-04-05,95,73.7349184914773,18.4337296228693
2018-04-06,96,49.1566123276515,-6.14457654095644
2018-04-07,96,61.4457654095644,6.14457654095644
2018-04-08,96,61.4457654095644,6.14457654095644
2018-04-09,96,61.4457654095644,6.14457654095644
2018-04-10,96,61.4457654095644,6.14457654095644
2018-04-11,96,55.301188868608,7.105427357601e-15
2018-04-12,95,55.301188868608,0
2018-04-13,96,67.5903419505209,12.2891530819129
2018-04-14,96,61.4457654095644,6.14457654095644
2018-04-15,95,55.301188868608,0
2018-04-16,96,61.4457654095644,6.14457654095644
2018-04-17,96,61.4457654095644,6.14457654095644
2018-04-18,96,67.5903419505209,12.2891530819129
2018-04-19,95,55.301188868608,0
2018-04-20,96,55.301188868608,7.105427357601e-15
2018-04-21,97,67.5903419505209,12.2891530819129
2018-04-22,95,55.301188868608,0
2018-04-23,96,61.4457654095644,6.14457654095644
2018-04-24,95,61.4457654095644,6.14457654095644
2018-04-25,96,55.301188868608,0
2018-04-26,96,61.4457654095644,6.14457654095644
2018-04-27,95,67.5903419505209,12.2891530819129
2018-04-28,97,49.1566123276515,-6.14457654095644
2018-04-29,95,67.5903419505209,12.2891530819129
2018-04-30,96,55.301188868608,7.105427357601e-15
2018-05-01,97,67.5903419505209,12.2891530819129
2018-05-02,96,55.301188868608,0
2018-05-03,97,55.301188868608,7.105427357601e-15
2018-05-04,95,67.5903419505209,12.2891530819129
2018-05-05,98,61.4457654095644,6.14457654095644
2018-05-06,95,55.301188868608,0
2018-05-07,97,61.4457654095644,6.14457654095644
2018-05-08,97,61.4457654095644,6.14457654095644
2018-05-09,96,61.4457654095644,6.14457654095644
2018-05-10,96,67.5903419505209,12.2891530819129
2018-05-11,96,49.1566123276515,-6.14457654095644
2018-05-12,97,67.5903419505209,12.2891530819129
2018-05-13,96,61.4457654095644,6.14457654095644
2018-05-14,96,61.4457654095644,6.14457654095644
2018-05-15,98,55.301188868608,0
2018-05-16,94,67.5903419505209,12.2891530819129
2018-05-17,97,55.301188868608,7.105427357601e-15
2018-05-18,95,61.4457654095644,6.14457654095644
2018-05-19,97,61.4457654095644,6.14457654095644
2018-05-20,97,61.4457654095644,6.14457654095644
2018-05-21,95,61.4457654095644,6.14457654095644
2018-05-22,98,55.301188868608,7.105427357601e-15
2018-05-23,95,67.5903419505209,12.2891530819129
2018-05-24,97,61.4457654095644,6.14457654095644
2018-05-25,96,55.301188868608,7.105427357601e-15
2018-05-26,97,61.4457654095644,6.14457654095644
2018-05-27,96,61.4457654095644,6.14457654095644
2018-05-28,96,67.5903419505209,12.2891530819129
2018-05-29,97,55.301188868608,0
2018-05-30,96,55.301188868608,7.105427357601e-15
2018-05-31,96,61.4457654095644,6.14457654095644
2018-06-01,97,73.7349184914773,18.4337296228693
2018-06-02,96,49.1566123276515,-6.14457654095644
2018-06-03,97,61.4457654095644,6.14457654095644
2018-06-04,95,55.301188868608,7.105427357601e-15
2018-06-05,98,73.7349184914773,18.4337296228693
2018-06-06,96,61.4457654095644,6.14457654095644
2018-06-07,95,49.1566123276515,-6.14457654095644
2018-06-08,97,61.4457654095644,6.14457654095644
2018-06-09,96,67.5903419505209,12.2891530819129
2018-06-10,97,61.4457654095644,6.14457654095644
2018-06-11,95,55.301188868608,0
2018-06-12,98,61.4457654095644,6.14457654095644
2018-06-13,96,61.4457654095644,6.14457654095644
2018-06-14,96,67.5903419505209,12.2891530819129
2018-06-15,96,55.301188868608,7.105427357601e-15
2018-06-16,97,55.301188868608,0
2018-06-17,96,67.5903419505209,12.2891530819129
2018-06-18,97,61.4457654095644,6.14457654095644
2018-06-19,96,61.4457654095644,6.14457654095644
2018-06-20,97,55.301188868608,0
2018-06-21,95,61.4457654095644,6.14457654095644
2018-06-22,97,61.4457654095644,6.14457654095644
2018-06-23,96,61.4457654095644,6.14457654095644
2018-06-24,97,61.4457654095644,6.14457654095644
2018-06-25,96,61.4457654095644,6.14457654095644
2018-06-26,97,55.301188868608,7.105427357601e-15
2018-06-27,96,67.5903419505209,12.2891530819129
2018-06-28,95,61.4457654095644,6.14457654095644
2018-06-29,97,55.301188868608,0
2018-06-30,97,61.4457654095644,6.14457654095644
2018-07-01,95,55.301188868608,0
2018-07-02,96,67.5903419505209,12.2891530819129
2018-07-03,97,67.5903419505209,12.2891530819129
2018-07-04,96,49.1566123276515,-6.14457654095644
2018-07-05,96,61.4457654095644,6.14457654095644
2018-07-06,96,67.5903419505209,12.2891530819129
2018-07-07,98,61.4457654095644,6.14457654095644
2018-07-08,95,55.301188868608,0
2018-07-09,97,55.301188868608,7.105427357601e-15
2018-07-10,96,67.5903419505209,12.2891530819129
2018-07-11,97,67.5903419505209,12.2891530819129
2018-07-12,96,49.1566123276515,-6.14457654095644
2018-07-13,96,61.4457654095644,6.14457654095644
2018-07-14,97,61.4457654095644,6.14457654095644
2018-07-15,96,67.5903419505209,12.2891530819129
2018-07-16,96,61.4457654095644,6.14457654095644
2018-07-17,96,55.301188868608,0
2018-07-18,97,55.301188868608,7.105427357601e-15
2018-07-19,96,73.7349184914773,18.4337296228693
2018-07-20,96,55.301188868608,7.105427357601e-15
2018-07-21,97,55.301188868608,0
2018-07-22,96,61.4457654095644,6.14457654095644
2018-07-23,96,67.5903419505209,12.2891530819129
2018-07-24,98,61.4457654095644,6.14457654095644
2018-07-25,95,61.4457654095644,6.14457654095644
2018-07-26,97,49.1566123276515,-6.14457654095644
2018-07-27,95,67.5903419505209,12.2891530819129
2018-07-28,98,61.4457654095644,6.14457654095644
2018-07-29,95,61.4457654095644,6.14457654095644
2018-07-30,97,55.301188868608,0
2018-07-31,97,61.4457654095644,6.14457654095644
2018-08-01,96,67.5903419505209,12.2891530819129
2018-08-02,96,61.4457654095644,6.14457654095644
2018-08-03,96,55.301188868608,7.105427357601e-15
2018-08-04,97,61.4457654095644,6.14457654095644
2018-08-05,96,55.301188868608,7.105427357601e-15
2018-08-06,96,67.5903419505209,12.2891530819129
2018-08-07,97,61.4457654095644,6.14457654095644
2018-08-08,96,55.301188868608,0
2018-08-09,96,61.4457654095644,6.14457654095644
2018-08-10,96,67.5903419505209,12.2891530819129
2018-08-11,97,55.301188868608,7.105427357601e-15
2018-08-12,97,67.5903419505209,12.2891530819129
2018-08-13,95,55.301188868608,0
2018-08-14,98,61.4457654095644,6.14457654095644
2018-08-15,95,61.4457654095644,6.14457654095644
2018-08-16,96,61.4457654095644,6.14457654095644
2018-08-17,96,55.301188868608,0
2018-08-18,97,61.4457654095644,6.14457654095644
2018-08-19,96,61.4457654095644,6.14457654095644
2018-08-20,96,67.5903419505209,12.2891530819129
2018-08-21,97,61.4457654095644,6.14457654095644
2018-08-22,96,49.1566123276515,-6.14457654095644
2018-08-23,96,67.5903419505209,12.2891530819129
2018-08-24,96,61.4457654095644,6.14457654095644
2018-08-25,97,61.4457654095644,6.14457654095644
2018-08-26,96,55.301188868608,0
2018-08-27,95,49.1566123276515,-6.14457654095644
2018-08-28,95,61.4457654095644,6.14457654095644
2018-08-29,95,55.301188868608,0
2018-08-30,94,49.1566123276515,-6.14457654095644
2018-08-31,95,49.1566123276515,-6.14457654095644
2018-09-01,95,55.301188868608,7.105427357601e-15
2018-09-02,96,61.4457654095644,6.14457654095644
2018-09-03,94,55.301188868608,0
2018-09-04,96,43.0120357866951,-12.2891530819129
2018-09-05,94,61.4457654095644,6.14457654095644
2018-09-06,95,55.301188868608,0
2018-09-07,94,49.1566123276515,-6.14457654095644
2018-09-08,96,55.301188868608,0
2018-09-09,94,49.1566123276515,-6.14457654095644
2018-09-10,95,55.301188868608,7.105427357601e-15
2018-09-11,95,55.301188868608,0
2018-09-12,94,49.1566123276515,-6.14457654095644
2018-09-13,96,49.1566123276515,-6.14457654095644
2018-09-14,94,67.5903419505209,12.2891530819129
2018-09-15,96,49.1566123276515,-6.14457654095644
2018-09-16,94,55.301188868608,0
2018-09-17,95,55.301188868608,0
2018-09-18,95,43.0120357866951,-12.2891530819129
2018-09-19,95,61.4457654095644,6.14457654095644
2018-09-20,94,49.1566123276515,-6.14457654095644
2018-09-21,95,55.301188868608,0
2018-09-22,95,49.1566123276515,-6.14457654095644
2018-09-23,96,55.301188868608,0
2018-09-24,94,55.301188868608,0
2018-09-25,96,55.301188868608,0
2018-09-26,94,49.1566123276515,-6.14457654095644
2018-09-27,95,61.4457654095644,6.14457654095644
2018-09-28,94,49.1566123276515,-6.14457654095644
2018-09-29,96,55.301188868608,0
2018-09-30,94,55.301188868608,0
2018-10-01,94,43.0120357866951,-12.2891530819129
2018-10-02,95,61.4457654095644,6.14457654095644
2018-10-03,95,55.301188868608,0
2018-10-04,95,49.1566123276515,-6.14457654095644
2018-10-05,94,55.301188868608,0
2018-10-06,96,55.301188868608,0
2018-10-07,94,49.1566123276515,-6.14457654095644
2018-10-08,95,55.301188868608,0
2018-10-09,95,49.1566123276515,-6.14457654095644
2018-10-10,95,61.4457654095644,6.14457654095644
2018-10-11,94,55.301188868608,0
2018-10-12,95,49.1566123276515,-6.14457654095644
2018-10-13,96,55.301188868608,0
2018-10-14,95,55.301188868608,0
2018-10-15,94,49.1566123276515,-6.14457654095644
2018-10-16,96,55.301188868608,0
2018-10-17,94,49.1566123276515,-6.14457654095644
2018-10-18,95,55.301188868608,0
2018-10-19,94,55.301188868608,0
2018-10-20,96,49.1566123276515,-6.14457654095644
2018-10-21,94,55.301188868608,0
2018-10-22,94,55.301188868608,0
2018-10-23,97,55.301188868608,7.105427357601e-15
2018-10-24,94,55.301188868608,0
2018-10-25,95,49.1566123276515,-6.14457654095644
2018-10-26,94,55.301188868608,0
2018-10-27,96,55.301188868608,0
2018-10-28,94,49.1566123276515,-6.14457654095644
2018-10-29,95,55.301188868608,0
2018-10-30,95,55.301188868608,0
2018-10-31,95,49.1566123276515,-6.14457654095644
2018-11-01,94,61.4457654095644,6.14457654095644
2018-11-02,95,49.1566123276515,-6.14457654095644
2018-11-03,96,49.1566123276515,-6.14457654095644
2018-11-04,95,61.4457654095644,6.14457654095644
2018-11-05,94,49.1566123276515,-6.14457654095644
2018-11-06,96,55.301188868608,0
2018-11-07,94,55.301188868608,0
2018-11-08,95,49.1566123276515,-6.14457654095644
2018-11-09,94,55.301188868608,0
2018-11-10,95,61.4457654095644,6.14457654095644
2018-11-11,95,43.0120357866951,-12.2891530819129
2018-11-12,94,55.301188868608,0
2018-11-13,97,49.1566123276515,-6.14457654095644
2018-11-14,94,55.301188868608,0
2018-11-15,95,55.301188868608,0
2018-11-16,94,49.1566123276515,-6.14457654095644
2018-11-17,95,61.4457654095644,6.14457654095644
2018-11-18,94,55.301188868608,0
2018-11-19,95,55.301188868608,7.105427357601e-15
2018-11-20,95,49.1566123276515,-6.14457654095644
2018-11-21,95,49.1566123276515,-6.14457654095644
2018-11-22,94,55.301188868608,0
2018-11-23,96,61.4457654095644,6.14457654095644
2018-11-24,95,43.0120357866951,-12.2891530819129
2018-11-25,95,55.301188868608,0
2018-11-26,47,43.0120357866951,-12.2891530819129
2018-11-27,49,43.0120357866951,-12.2891530819129
2018-11-28,47,43.0120357866951,-12.2891530819129
2018-11-29,47,49.1566123276515,-6.14457654095644
2018-11-30,49,43.0120357866951,-12.2891530819129
2018-12-01,47,43.0120357866951,-12.2891530819129
2018-12-02,48,49.1566123276515,-6.14457654095644
2018-12-03,49,36.8674592457386,-18.4337296228693
2018-12-04,48,43.0120357866951,-12.2891530819129
2018-12-05,47,43.0120357866951,-12.2891530819129
2018-12-06,49,49.1566123276515,-6.14457654095644
2018-12-07,47,36.8674592457386,-18.4337296228693
2018-12-08,48,43.0120357866951,-12.2891530819129
2018-12-09,48,43.0120357866951,-12.2891530819129
2018-12-10,48,49.1566123276515,-6.14457654095644
2018-12-11,46,36.8674592457386,-18.4337296228693
2018-12-12,49,43.0120357866951,-12.2891530819129
2018-12-13,48,43.0120357866951,-12.2891530819129
2018-12-14,48,49.1566123276515,-6.14457654095644
2018-12-15,48,43.0120357866951,-12.2891530819129
2018-12-16,48,36.8674592457386,-18.4337296228693
2018-12-17,47,43.0120357866951,-12.2891530819129
2018-12-18,48,43.0120357866951,-12.2891530819129
2018-12-19,52,61.4457654095644,6.14457654095644
2018-12-20,51,61.4457654095644,6.14457654095645
2018-12-21,54,49.1566123276515,-6.14457654095644
2018-12-22,51,61.4457654095644,6.14457654095645
2018-12-23,52,61.4457654095644,6.14457654095644
2018-12-24,52,61.4457654095644,6.14457654095644
2018-12-25,52,49.1566123276515,-6.14457654095644
2018-12-26,52,61.4457654095644,6.14457654095645
2018-12-27,53,61.4457654095644,6.14457654095644
2018-12-28,51,61.4457654095644,6.14457654095645
2018-12-29,52,55.301188868608,0
2018-12-30,52,55.301188868608,7.105427357601e-15
2018-12-31,52,61.4457654095644,6.14457654095644
2019-01-01,52,61.4457654095644,6.14457654095644
2019-01-02,52,55.301188868608,0
2019-01-03,51,55.301188868608,7.105427357601e-15
2019-01-04,53,55.301188868608,0
2019-01-05,52,67.5903419505209,12.2891530819129
2019-01-06,51,55.301188868608,0
2019-01-07,53,61.4457654095644,6.14457654095644
2019-01-08,51,49.1566123276515,-6.14457654095644
2019-01-09,52,67.5903419505209,12.2891530819129
2019-01-10,53,55.301188868608,0
2019-01-11,52,55.301188868608,7.105427357601e-15
2019-01-12,51,49.1566123276515,-6.14457654095644
2019-01-13,53,67.5903419505209,12.2891530819129
2019-01-14,52,55.301188868608,0
2019-01-15,52,61.4457654095644,6.14457654095645
2019-01-16,52,55.301188868608,0
2019-01-17,52,61.4457654095644,6.14457654095645
2019-01-18,51,55.301188868608,0
2019-01-19,54,61.4457654095644,6.14457654095644
2019-01-20,50,55.301188868608,0
2019-01-21,52,61.4457654095644,6.14457654095645
2019-01-22,52,55.301188868608,0
2019-01-23,52,61.4457654095644,6.14457654095645
2019-01-24,89,61.4457654095644,6.14457654095644
2019-01-25,89,67.5903419505209,12.2891530819129
2019-01-26,87,55.301188868608,0
2019-01-27,87,73.7349184914773,18.4337296228693
2019-01-28,89,61.4457654095644,6.14457654095644
2019-01-29,89,67.5903419505209,12.2891530819129
2019-01-30,88,55.301188868608,0
2019-01-31,88,67.5903419505209,12.2891530819129
2019-02-01,88,61.4457654095644,6.14457654095644
2019-02-02,88,73.7349184914773,18.4337296228693
2019-02-03,90,61.4457654095644,6.14457654095644
2019-02-04,87,61.4457654095644,6.14457654095645
2019-02-05,88,61.4457654095644,6.14457654095644
2019-02-06,89,67.5903419505209,12.2891530819129
2019-02-07,88,61.4457654095644,6.14457654095644
2019-02-08,88,67.5903419505209,12.2891530819129
2019-02-09,89,61.4457654095644,6.14457654095644
2019-02-10,88,67.5903419505209,12.2891530819129
2019-02-11,88,55.301188868608,0
2019-02-12,88,67.5903419505209,12.2891530819129
2019-02-13,89,55.301188868608,7.105427357601e-15
2019-02-14,87,73.7349184914773,18.4337296228693
2019-02-15,89,61.4457654095644,6.14457654095644
2019-02-16,88,67.5903419505209,12.2891530819129
2019-02-17,87,55.301188868608,0
2019-02-18,90,67.5903419505209,12.2891530819129
2019-02-19,88,61.4457654095644,6.14457654095644
2019-02-20,88,73.7349184914773,18.4337296228693
2019-02-21,88,61.4457654095644,6.14457654095644
2019-02-22,88,61.4457654095644,6.14457654095645
2019-02-23,89,61.4457654095644,6.14457654095644
2019-02-24,89,67.5903419505209,12.2891530819129
2019-02-25,87,61.4457654095644,6.14457654095644
2019-02-26,88,67.5903419505209,12.2891530819129
2019-02-27,90,61.4457654095644,6.14457654095644
2019-02-28,88,67.5903419505209,12.2891530819129
2019-03-01,87,61.4457654095644,6.14457654095644
2019-03-02,89,67.5903419505209,12.2891530819129
2019-03-03,88,55.301188868608,0
2019-03-04,89,73.7349184914773,18.4337296228693
2019-03-05,88,61.4457654095644,6.14457654095644
2019-03-06,87,67.5903419505209,12.2891530819129
2019-03-07,88,55.301188868608,0
2019-03-08,89,67.5903419505209,12.2891530819129
2019-03-09,89,61.4457654095644,6.14457654095645
2019-03-10,87,73.7349184914773,18.4337296228693
2019-03-11,89,61.4457654095644,6.14457654095644
2019-03-12,88,61.4457654095644,6.14457654095644
2019-03-13,89,61.4457654095644,6.14457654095644
2019-03-14,88,61.4457654095644,6.14457654095645
2019-03-15,88,61.4457654095644,6.14457654095644
2019-03-16,89,67.5903419505209,12.2891530819129
2019-03-17,88,61.4457654095644,6.14457654095644
2019-03-18,87,67.5903419505209,12.2891530819129
2019-03-19,90,61.4457654095644,6.14457654095644
2019-03-20,88,67.5903419505209,12.2891530819129
2019-03-21,88,55.301188868608,0
2019-03-22,88,73.7349184914773,18.4337296228693
2019-03-23,88,61.4457654095644,6.14457654095644
2019-03-24,88,61.4457654095644,6.14457654095645
2019-03-25,89,61.4457654095644,6.14457654095644
2019-03-26,88,61.4457654095644,6.14457654095644
2019-03-27,87,67.5903419505209,12.2891530819129
2019-03-28,89,67.5903419505209,12.2891530819129
2019-03-29,89,67.5903419505209,12.2891530819129
2019-03-30,88,55.301188868608,0
2019-03-31,88,67.5903419505209,12.2891530819129
2019-04-01,88,61.4457654095644,6.14457654095644
2019-04-02,88,67.5903419505209,12.2891530819129
2019-04-03,90,61.4457654095644,6.14457654095644
2019-04-04,87,67.5903419505209,12.2891530819129
2019-04-05,88,61.4457654095644,6.14457654095644
2019-04-06,89,67.5903419505209,12.2891530819129
2019-04-07,88,61.4457654095644,6.14457654095644
2019-04-08,88,61.4457654095644,6.14457654095645
2019-04-09,89,67.5903419505209,12.2891530819129
2019-04-10,87,67.5903419505209,12.2891530819129
2019-04-11,89,61.4457654095644,6.14457654095644
2019-04-12,89,61.4457654095644,6.14457654095645
2019-04-13,87,55.301188868608,0
2019-04-14,88,67.5903419505209,12.2891530819129
2019-04-15,89,67.5903419505209,12.2891530819129
2019-04-16,88,67.5903419505209,12.2891530819129
2019-04-17,88,55.301188868608,7.105427357601e-15
2019-04-18,89,67.5903419505209,12.2891530819129
2019-04-19,88,61.4457654095644,6.14457654095644
2019-04-20,88,67.5903419505209,12.2891530819129
2019-04-21,88,61.4457654095644,6.14457654095644
2019-04-22,89,67.5903419505209,12.2891530819129
2019-04-23,88,61.4457654095644,6.14457654095644
2019-04-24,89,67.5903419505209,12.2891530819129
2019-04-25,87,55.301188868608,0
2019-04-26,88,67.5903419505209,12.2891530819129
2019-04-27,89,67.5903419505209,12.2891530819129
2019-04-28,89,67.5903419505209,12.2891530819129
2019-04-29,87,61.4457654095644,6.14457654095644
2019-04-30,89,61.4457654095644,6.14457654095645
2019-05-01,87,61.4457654095644,6.14457654095644
2019-05-02,89,67.5903419505209,12.2891530819129
2019-05-03,89,67.5903419505209,12.2891530819129
2019-05-04,87,61.4457654095644,6.14457654095645
2019-05-05,88,61.4457654095644,6.14457654095644
2019-05-06,89,67.5903419505209,12.2891530819129
2019-05-07,89,61.4457654095644,6.14457654095645
2019-05-08,87,67.5903419505209,12.2891530819129
2019-05-09,89,61.4457654095644,6.14457654095644
2019-05-10,88,67.5903419505209,12.2891530819129
2019-05-11,88,61.4457654095644,6.14457654095644
2019-05-12,89,67.5903419505209,12.2891530819129
2019-05-13,88,55.301188868608,0
2019-05-14,88,61.4457654095644,6.14457654095644
2019-05-15,89,67.5903419505209,12.2891530819129
2019-05-16,87,67.5903419505209,12.2891530819129
2019-05-17,89,61.4457654095644,6.14457654095645
2019-05-18,88,61.4457654095644,6.14457654095645
2019-05-19,89,61.4457654095644,6.14457654095644
2019-05-20,87,67.5903419505209,12.2891530819129
2019-05-21,89,67.5903419505209,12.2891530819129
2019-05-22,88,61.4457654095644,6.14457654095645
2019-05-23,88,61.4457654095644,6.14457654095644
2019-05-24,89,67.5903419505209,12.2891530819129
2019-05-25,87,61.4457654095644,6.14457654095644
2019-05-26,90,67.5903419505209,12.2891530819129
2019-05-27,88,61.4457654095644,6.14457654095644
2019-05-28,88,67.5903419505209,12.2891530819129
2019-05-29,88,61.4457654095644,6.14457654095644
2019-05-30,88,67.5903419505209,12.2891530819129
2019-05-31,89,55.301188868608,0
2019-06-01,89,67.5903419505209,12.2891530819129
2019-06-02,87,67.5903419505209,12.2891530819129
2019-06-03,88,67.5903419505209,12.2891530819129
2019-06-04,88,61.4457654095644,6.14457654095644
2019-06-05,90,61.4457654095644,6.14457654095644
2019-06-06,87,61.4457654095644,6.14457654095644
2019-06-07,89,67.5903419505209,12.2891530819129
2019-06-08,87,67.5903419505209,12.2891530819129
2019-06-09,89,61.4457654095644,6.14457654095644
2019-06-10,89,61.4457654095644,6.14457654095644
2019-06-11,87,67.5903419505209,12.2891530819129
2019-06-12,88,61.4457654095644,6.14457654095644
2019-06-13,89,67.5903419505209,12.2891530819129
2019-06-14,88,55.301188868608,0
2019-06-15,88,67.5903419505209,12.2891530819129
2019-06-16,89,61.4457654095644,6.14457654095644
2019-06-17,88,67.5903419505209,12.2891530819129
2019-06-18,88,55.301188868608,0
2019-06-19,88,67.5903419505209,12.2891530819129
2019-06-20,89,67.5903419505209,12.2891530819129
2019-06-21,87,67.5903419505209,12.2891530819129
2019-06-22,90,61.4457654095644,6.14457654095644
2019-06-23,87,61.4457654095644,6.14457654095645
2019-06-24,88,61.4457654095644,6.14457654095644
2019-06-25,89,67.5903419505209,12.2891530819129
2019-06-26,89,61.4457654095644,6.14457654095644
2019-06-27,84,55.301188868608,0
2019-06-28,86,49.1566123276515,-6.14457654095644
2019-06-29,84,55.301188868608,0
2019-06-30,84,49.1566123276515,-6.14457654095644
2019-07-01,82,49.1566123276515,-6.14457654095644
2019-07-02,83,55.301188868608,0
2019-07-03,82,55.301188868608,0
2019-07-04,84,43.0120357866951,-12.2891530819129
2019-07-05,83,49.1566123276515,-6.14457654095644
2019-07-06,82,55.301188868608,0
2019-07-07,83,43.0120357866951,-12.2891530819129
2019-07-08,84,49.1566123276515,-6.14457654095644
2019-07-09,82,61.4457654095644,6.14457654095644
2019-07-10,83,49.1566123276515,-6.14457654095644
2019-07-11,82,49.1566123276515,-6.14457654095644
2019-07-12,83,49.1566123276515,-6.14457654095644
2019-07-13,84,49.1566123276515,-6.14457654095644
2019-07-14,82,55.301188868608,0
2019-07-15,83,55.301188868608,0
2019-07-16,82,36.8674592457386,-18.4337296228693
2019-07-17,84,55.301188868608,0
2019-07-18,83,55.301188868608,0
2019-07-19,82,43.0120357866951,-12.2891530819129
2019-07-20,83,49.1566123276515,-6.14457654095644
2019-07-21,83,61.4457654095644,6.14457654095644
2019-07-22,83,49.1566123276515,-6.14457654095644
2019-07-23,83,49.1566123276515,-6.14457654095644
2019-07-24,82,49.1566123276515,-6.14457654095644
2019-07-25,84,49.1566123276515,-6.14457654095644
2019-07-26,84,49.1566123276515,-6.14457654095644
2019-07-27,82,55.301188868608,0
2019-07-28,83,43.0120357866951,-12.2891530819129
2019-07-29,82,55.301188868608,0
2019-07-30,84,55.301188868608,0
2019-07-31,83,43.0120357866951,-12.2891530819129
2019-08-01,82,49.1566123276515,-6.14457654095644
2019-08-02,83,61.4457654095644,6.14457654095644
2019-08-03,83,49.1566123276515,-6.14457654095644
2019-08-04,83,49.1566123276515,-6.14457654095644
2019-08-05,83,49.1566123276515,-6.14457654095644
2019-08-06,82,43.0120357866951,-12.2891530819129
2019-08-07,84,55.301188868608,0
2019-08-08,82,55.301188868608,0
2019-08-09,83,43.0120357866951,-12.2891530819129
2019-08-10,83,55.301188868608,0
2019-08-11,83,55.301188868608,0
2019-08-12,83,43.0120357866951,-12.2891530819129
2019-08-13,83,49.1566123276515,-6.14457654095644
2019-08-14,82,61.4457654095644,6.14457654095644
2019-08-15,83,49.1566123276515,-6.14457654095644
2019-08-16,83,49.1566123276515,-6.14457654095644
2019-08-17,83,43.0120357866951,-12.2891530819129
2019-08-18,83,49.1566123276515,-6.14457654095644
2019-08-19,82,55.301188868608,0
2019-08-20,84,49.1566123276515,-6.14457654095644
2019-08-21,82,49.1566123276515,-6.14457654095644
2019-08-22,83,55.301188868608,0
2019-08-23,83,49.1566123276515,-6.14457654095644
2019-08-24,83,49.1566123276515,-6.14457654095644
2019-08-25,83,49.1566123276515,-6.14457654095644
2019-08-26,83,55.301188868608,0
2019-08-27,82,49.1566123276515,-6.14457654095644
2019-08-28,84,49.1566123276515,-6.14457654095644
2019-08-29,82,43.0120357866951,-12.2891530819129
2019-08-30,83,55.301188868608,0
2019-08-31,83,55.301188868608,0
2019-09-01,82,49.1566123276515,-6.14457654095644
2019-09-02,84,49.1566123276515,-6.14457654095644
2019-09-03,82,55.301188868608,0
2019-09-04,83,49.1566123276515,-6.14457654095644
2019-09-05,83,49.1566123276515,-6.14457654095644
2019-09-06,83,49.1566123276515,-6.14457654095644
2019-09-07,83,49.1566123276515,-6.14457654095644
2019-09-08,82,55.301188868608,0
2019-09-09,83,49.1566123276515,-6.14457654095644
2019-09-10,84,43.0120357866951,-12.2891530819129
2019-09-11,83,55.301188868608,0
2019-09-12,83,55.301188868608,0
2019-09-13,83,49.1566123276515,-6.14457654095644
2019-09-14,83,49.1566123276515,-6.14457654095644
2019-09-15,83,55.301188868608,0
2019-09-16,82,49.1566123276515,-6.14457654095644
2019-09-17,83,49.1566123276515,-6.14457654095644
2019-09-18,84,43.0120357866951,-12.2891530819129
2019-09-19,82,55.301188868608,0
2019-09-20,83,55.301188868608,0
2019-09-21,82,49.1566123276515,-6.14457654095644
2019-09-22,83,43.0120357866951,-12.2891530819129
2019-09-23,84,55.301188868608,0
2019-09-24,82,55.301188868608,0
2019-09-25,83,49.1566123276515,-6.14457654095644
2019-09-26,82,49.1566123276515,-6.14457654095644
2019-09-27,84,55.301188868608,0
2019-09-28,83,43.0120357866951,-12.2891530819129
2019-09-29,82,49.1566123276515,-6.14457654095644
2019-09-30,83,49.1566123276515,-6.14457654095644
2019-10-01,84,55.301188868608,0
2019-10-02,82,55.301188868608,0
2019-10-03,83,49.1566123276515,-6.14457654095644
2019-10-04,82,43.0120357866951,-12.2891530819129
2019-10-05,84,55.301188868608,0
2019-10-06,83,55.301188868608,0
2019-10-07,82,49.1566123276515,-6.14457654095644
2019-10-08,83,49.1566123276515,-6.14457654095644
2019-10-09,82,49.1566123276515,-6.14457654095644
2019-10-10,84,49.1566123276515,-6.14457654095644
2019-10-11,83,49.1566123276515,-6.14457654095644
2019-10-12,82,49.1566123276515,-6.14457654095644
2019-10-13,83,55.301188868608,0
2019-10-14,84,55.301188868608,0
2019-10-15,81,49.1566123276515,-6.14457654095644
2019-10-16,83,43.0120357866951,-12.2891530819129
2019-10-17,82,55.301188868608,0
2019-10-18,84,55.301188868608,0
2019-10-19,83,49.1566123276515,-6.14457654095644
2019-10-20,82,43.0120357866951,-12.2891530819129
2019-10-21,83,55.301188868608,0
2019-10-22,83,49.1566123276515,-6.14457654095644
2019-10-23,83,49.1566123276515,-6.14457654095644
2019-10-24,83,49.1566123276515,-6.14457654095644
2019-10-25,82,55.301188868608,0
2019-10-26,83,55.301188868608,0
2019-10-27,84,49.1566123276515,-6.14457654095644
2019-10-28,83,43.0120357866951,-12.2891530819129
2019-10-29,83,55.301188868608,0
2019-10-30,82,55.301188868608,0
2019-10-31,84,43.0120357866951,-12.2891530819129
2019-11-01,83,49.1566123276515,-6.14457654095644
2019-11-02,82,55.301188868608,0
2019-11-03,83,49.1566123276515,-6.14457654095644
2019-11-04,83,49.1566123276515,-6.14457654095644
2019-11-05,83,49.1566123276515,-6.14457654095644
2019-11-06,83,55.301188868608,0
2019-11-07,82,55.301188868608,0
2019-11-08,84,49.1566123276515,-6.14457654095644
2019-11-09,82,43.0120357866951,-12.2891530819129
2019-11-10,83,49.1566123276515,-6.14457654095644
2019-11-11,83,55.301188868608,0
2019-11-12,83,49.1566123276515,-6.14457654095644
2019-11-13,83,49.1566123276515,-6.14457654095644
2019-11-14,82,55.301188868608,0
2019-11-15,83,49.1566123276515,-6.14457654095644
2019-11-16,83,49.1566123276515,-6.14457654095644
2019-11-17,84,49.1566123276515,-6.14457654095644
2019-11-18,93,55.301188868608,0
2019-11-19,93,55.301188868608,0
2019-11-20,92,55.301188868608,0
2019-11-21,94,36.8674592457386,-18.4337296228693
2019-11-22,92,55.301188868608,0
2019-11-23,93,55.301188868608,0
2019-11-24,93,55.301188868608,0
2019-11-25,93,49.1566123276515,-6.14457654095644
2019-11-26,93,55.301188868608,0
2019-11-27,92,49.1566123276515,-6.14457654095644
2019-11-28,93,55.301188868608,0
2019-11-29,94,49.1566123276515,-6.14457654095644
2019-11-30,92,49.1566123276515,-6.14457654095644
2019-12-01,93,61.4457654095644,6.14457654095644
2019-12-02,92,49.1566123276515,-6.14457654095644
2019-12-03,93,43.0120357866951,-12.2891530819129
2019-12-04,93,55.301188868608,0
2019-12-05,92,55.301188868608,0
2019-12-06,93,49.1566123276515,-6.14457654095644
2019-12-07,93,55.301188868608,0
2019-12-08,93,49.1566123276515,-6.14457654095644
2019-12-09,93,55.301188868608,0
2019-12-10,92,55.301188868608,0
2019-12-11,93,43.0120357866951,-12.2891530819129
2019-12-12,94,49.1566123276515,-6.14457654095644
2019-12-13,93,61.4457654095644,6.14457654095644
2019-12-14,93,49.1566123276515,-6.14457654095644
2019-12-15,92,49.1566123276515,-6.14457654095644
2019-12-16,94,55.301188868608,0
2019-12-17,93,49.1566123276515,-6.14457654095644
2019-12-18,92,55.301188868608,0
2019-12-19,93,55.301188868608,0
2019-12-20,93,49.1566123276515,-6.14457654095644
2019-12-21,93,55.301188868608,0
2019-12-22,93,49.1566123276515,-6.14457654095644
2019-12-23,92,43.0120357866951,-12.2891530819129
2019-12-24,93,55.301188868608,0
2019-12-25,94,61.4457654095644,6.14457654095644
2019-12-26,92,43.0120357866951,-12.2891530819129
2019-12-27,93,55.301188868608,0
2019-12-28,92,55.301188868608,0
2019-12-29,94,49.1566123276515,-6.14457654095644
2019-12-30,93,49.1566123276515,-6.14457654095644
2019-12-31,92,61.4457654095644,6.14457654095644
2020-01-01,93,49.1566123276515,-6.14457654095644
2020-01-02,93,55.301188868608,0
2020-01-03,93,43.0120357866951,-12.2891530819129
2020-01-04,93,49.1566123276515,-6.14457654095644
2020-01-05,92,55.301188868608,0
2020-01-06,92,61.4457654095644,6.14457654095644
2020-01-07,94,43.0120357866951,-12.2891530819129
2020-01-08,92,55.301188868608,0
2020-01-09,93,55.301188868608,0
2020-01-10,92,49.1566123276515,-6.14457654095644
2020-01-11,94,49.1566123276515,-6.14457654095644
2020-01-12,93,61.4457654095644,6.14457654095644
2020-01-13,92,43.0120357866951,-12.2891530819129
2020-01-14,93,55.301188868608,0
2020-01-15,93,49.1566123276515,-6.14457654095644
2020-01-16,93,49.1566123276515,-6.14457654095644
2020-01-17,93,55.301188868608,0
2020-01-18,92,61.4457654095644,6.14457654095644
2020-01-19,94,43.0120357866951,-12.2891530819129
2020-01-20,92,55.301188868608,0
2020-01-21,93,55.301188868608,0
2020-01-22,93,49.1566123276515,-6.14457654095644
2020-01-23,138,86.0240715733902,30.7228827047822
2020-01-24,138,86.0240715733902,30.7228827047822
2020-01-25,138,86.0240715733902,30.7228827047822
2020-01-26,137,98.3132246553031,43.0120357866951
2020-01-27,138,86.0240715733902,30.7228827047822
2020-01-28,139,79.8794950324337,24.5783061638258
2020-01-29,138,92.1686481143466,36.8674592457386
2020-01-30,143,110.602377737216,55.301188868608
2020-01-31,142,98.3132246553031,43.0120357866951
2020-02-01,144,104.457801196259,49.1566123276515
2020-02-02,143,104.457801196259,49.1566123276515
2020-02-03,142,110.602377737216,55.301188868608
2020-02-04,143,104.457801196259,49.1566123276515
2020-02-05,144,98.3132246553031,43.0120357866951
2020-02-06,143,104.457801196259,49.1566123276515
2020-02-07,142,110.602377737216,55.301188868608
2020-02-08,143,98.3132246553031,43.0120357866951
2020-02-09,144,104.457801196259,49.1566123276515
2020-02-10,143,98.3132246553031,43.0120357866951
2020-02-11,140,110.602377737216,55.301188868608
2020-02-12,140,104.457801196259,49.1566123276515
2020-02-13,141,110.602377737216,55.301188868608
2020-02-14,143,92.1686481143466,36.8674592457386
2020-02-15,140,104.457801196259,49.1566123276515
2020-02-16,141,98.3132246553031,43.0120357866951
2020-02-17,144,98.3132246553031,43.0120357866951
2020-02-18,143,92.1686481143466,36.8674592457386
2020-02-19,144,92.1686481143466,36.8674592457386
2020-02-20,144,86.0240715733902,30.7228827047822
2020-02-21,142,92.1686481143466,36.8674592457386
2020-02-22,145,98.3132246553031,43.0120357866951
2020-02-23,144,92.1686481143466,36.8674592457386
2020-02-24,143,92.1686481143466,36.8674592457386
2020-02-25,143,86.0240715733902,30.7228827047822
2020-02-26,145,104.457801196259,49.1566123276515
2020-02-27,143,79.8794950324337,24.5783061638258
2020-02-28,143,98.3132246553031,43.0120357866951
2020-02-29,144,86.0240715733902,30.7228827047822
2020-03-01,143,104.457801196259,49.1566123276515
2020-03-02,145,79.8794950324337,24.5783061638258
2020-03-03,143,98.3132246553031,43.0120357866951
2020-03-04,159,98.3132246553031,43.0120357866951
2020-03-05,159,104.457801196259,49.1566123276515
2020-03-06,158,110.602377737216,55.301188868608
2020-03-07,159,98.3132246553031,43.0120357866951
2020-03-08,159,104.457801196259,49.1566123276515
2020-03-09,158,98.3132246553031,43.0120357866951
2020-03-10,160,98.313224655303,43.0120357866951
2020-03-11,158,98.3132246553031,43.0120357866951
2020-03-12,158,116.746954278172,61.4457654095644
2020-03-13,159,98.3132246553031,43.0120357866951
2020-03-14,160,98.3132246553031,43.0120357866951
2020-03-15,159,98.3132246553031,43.0120357866951
2020-03-16,157,104.457801196259,49.1566123276515
2020-03-17,159,110.602377737216,55.301188868608
2020-03-18,164,104.457801196259,49.1566123276515
2020-03-19,164,110.602377737216,55.301188868608
2020-03-20,164,98.3132246553031,43.0120357866951
2020-03-21,162,110.602377737216,55.301188868608
2020-03-22,164,104.457801196259,49.1566123276515
2020-03-23,164,110.602377737216,55.301188868608
2020-03-24,164,110.602377737216,55.301188868608
2020-03-25,163,110.602377737216,55.301188868608
2020-03-26,163,104.457801196259,49.1566123276515
2020-03-27,188,104.457801196259,49.1566123276515
2020-03-28,189,116.746954278172,61.4457654095644
2020-03-29,188,104.457801196259,49.1566123276515
2020-03-30,188,116.746954278172,61.4457654095644
2020-03-31,188,104.457801196259,49.1566123276515
2020-04-01,189,110.602377737216,55.301188868608
2020-04-02,187,110.602377737216,55.301188868608
2020-04-03,189,110.602377737216,55.301188868608
2020-04-04,188,110.602377737216,55.301188868608
2020-04-05,187,110.602377737216,55.301188868608
2020-04-06,189,110.602377737216,55.301188868608
2020-04-07,188,110.602377737216,55.301188868608
2020-04-08,187,116.746954278172,61.4457654095644
2020-04-09,191,104.457801196259,49.1566123276515
2020-04-10,187,110.602377737216,55.301188868608
2020-04-11,187,110.602377737216,55.301188868608
2020-04-12,188,116.746954278172,61.4457654095644
2020-04-13,189,116.746954278172,61.4457654095644
2020-04-14,188,104.457801196259,49.1566123276515
2020-04-15,189,110.602377737216,55.301188868608
2020-04-16,186,104.457801196259,49.1566123276515
2020-04-17,190,116.746954278172,61.4457654095644
2020-04-18,188,110.602377737216,55.301188868608
2020-04-19,188,110.602377737216,55.301188868608
2020-04-20,187,104.457801196259,49.1566123276515
2020-04-21,189,116.746954278172,61.4457654095644
2020-04-22,188,110.602377737216,55.301188868608
2020-04-23,188,110.602377737216,55.301188868608
2020-04-24,188,116.746954278172,61.4457654095644
2020-04-25,189,104.457801196259,49.1566123276515
2020-04-26,187,110.602377737216,55.301188868608
2020-04-27,129,92.1686481143466,36.8674592457386
2020-04-28,126,98.313224655303,43.0120357866951
2020-04-29,129,92.1686481143466,36.8674592457386
2020-04-30,128,98.313224655303,43.0120357866951
2020-05-01,127,98.313224655303,43.0120357866951
2020-05-02,127,92.1686481143466,36.8674592457386
2020-05-03,127,98.313224655303,43.0120357866951
2020-05-04,128,92.1686481143466,36.8674592457386
2020-05-05,127,86.0240715733902,30.7228827047822
2020-05-06,127,92.1686481143466,36.8674592457386
2020-05-07,127,98.313224655303,43.0120357866951
2020-05-08,128,92.1686481143466,36.8674592457386
2020-05-09,127,98.313224655303,43.0120357866951
2020-05-10,127,92.1686481143466,36.8674592457386
2020-05-11,128,98.313224655303,43.0120357866951
2020-05-12,127,98.313224655303,43.0120357866951
2020-05-13,127,98.3132246553031,43.0120357866951
2020-05-14,129,98.313224655303,43.0120357866951
2020-05-15,126,92.1686481143466,36.8674592457386
2020-05-16,129,98.313224655303,43.0120357866951
2020-05-17,126,92.1686481143466,36.8674592457386
2020-05-18,128,98.313224655303,43.0120357866951
2020-05-19,128,92.1686481143466,36.8674592457386
2020-05-20,127,98.313224655303,43.0120357866951
2020-05-21,127,92.1686481143466,36.8674592457386
2020-05-22,126,86.0240715733902,30.7228827047822
2020-05-23,128,98.313224655303,43.0120357866951
2020-05-24,128,86.0240715733902,30.7228827047822
2020-05-25,127,98.313224655303,43.0120357866951
2020-05-26,128,92.1686481143466,36.8674592457386
2020-05-27,126,98.3132246553031,43.0120357866951
2020-05-28,128,92.1686481143466,36.8674592457386
2020-05-29,127,98.313224655303,43.0120357866951
2020-05-30,118,104.457801196259,49.1566123276515
2020-05-31,118,110.602377737216,55.301188868608
2020-06-01,118,110.602377737216,55.301188868608
2020-06-02,116,110.602377737216,55.301188868608
2020-06-03,119,104.457801196259,49.1566123276515
2020-06-04,116,110.602377737216,55.301188868608
2020-06-05,118,104.45780119626,49.1566123276515
2020-06-06,118,110.602377737216,55.301188868608
2020-06-07,117,110.602377737216,55.301188868608
2020-06-08,117,110.602377737216,55.301188868608
2020-06-09,118,104.457801196259,49.1566123276515
2020-06-10,117,110.602377737216,55.301188868608
2020-06-11,119,104.45780119626,49.1566123276515
2020-06-12,120,110.602377737216,55.301188868608
2020-06-13,119,110.602377737216,55.301188868608
2020-06-14,120,110.602377737216,55.301188868608
2020-06-15,119,104.45780119626,49.1566123276515
2020-06-16,82,92.1686481143466,36.8674592457386
2020-06-17,79,86.0240715733902,30.7228827047822
2020-06-18,81,92.1686481143466,36.8674592457386
2020-06-19,81,92.1686481143466,36.8674592457386
2020-06-20,81,86.0240715733902,30.7228827047822
2020-06-21,84,79.8794950324337,24.5783061638258
2020-06-22,85,92.1686481143466,36.8674592457386
2020-06-23,84,86.0240715733902,30.7228827047822
2020-06-24,84,86.0240715733902,30.7228827047822
2020-06-25,85,79.8794950324337,24.5783061638258
2020-06-26,85,92.1686481143466,36.8674592457386
2020-06-27,83,86.0240715733902,30.7228827047822
2020-06-28,86,79.8794950324337,24.5783061638258
2020-06-29,84,86.0240715733902,30.7228827047822
2020-06-30,80,110.602377737216,55.301188868608
2020-07-01,79,104.457801196259,49.1566123276515
2020-07-02,80,98.3132246553031,43.0120357866951
2020-07-03,79,110.602377737216,55.301188868608
2020-07-04,81,104.457801196259,49.1566123276515
2020-07-05,79,104.457801196259,49.1566123276515
2020-07-06,81,104.457801196259,49.1566123276515
2020-07-07,80,110.602377737216,55.301188868608
2020-07-08,84,110.602377737216,55.301188868608
2020-07-09,86,104.457801196259,49.1566123276515
2020-07-10,85,116.746954278172,61.4457654095644
2020-07-11,85,104.457801196259,49.1566123276515
2020-07-12,90,67.5903419505209,12.2891530819129
2020-07-13,87,49.1566123276515,-6.14457654095644
2020-07-14,90,61.4457654095644,6.14457654095644
2020-07-15,88,67.5903419505209,12.2891530819129
2020-07-16,88,55.301188868608,0
2020-07-17,89,55.301188868608,0
2020-07-18,88,55.301188868608,0
2020-07-19,89,61.4457654095644,6.14457654095645
2020-07-20,89,67.5903419505209,12.2891530819129
2020-07-21,88,55.301188868608,0
2020-07-22,88,55.301188868608,0
2020-07-23,89,61.4457654095644,6.14457654095644
2020-07-24,89,61.4457654095644,6.14457654095645
2020-07-25,89,61.4457654095644,6.14457654095644
2020-07-26,88,55.301188868608,0
2020-07-27,88,55.301188868608,7.105427357601e-15
2020-07-28,90,67.5903419505209,12.2891530819129
2020-07-29,87,55.301188868608,0
2020-07-30,89,49.1566123276515,-6.14457654095644
2020-07-31,89,73.7349184914773,18.4337296228693
2020-08-01,88,55.301188868608,7.105427357601e-15
2020-08-02,90,61.4457654095644,6.14457654095644
2020-08-03,88,49.1566123276515,-6.14457654095644
2020-08-04,89,61.4457654095644,6.14457654095645
2020-08-05,89,73.7349184914773,18.4337296228693
2020-08-06,88,49.1566123276515,-6.14457654095644
2020-08-07,89,61.4457654095644,6.14457654095644
2020-08-08,88,55.301188868608,0
2020-08-09,89,61.4457654095644,6.14457654095645
2020-08-10,88,61.4457654095644,6.14457654095644
2020-08-11,89,55.301188868608,0
2020-08-12,89,61.4457654095644,6.14457654095645
2020-08-13,89,61.4457654095644,6.14457654095644
2020-08-14,88,55.301188868608,0
2020-08-15,88,55.301188868608,0
2020-08-16,89,67.5903419505209,12.2891530819129
2020-08-17,88,61.4457654095644,6.14457654095645
2020-08-18,89,55.301188868608,0
2020-08-19,87,55.301188868608,0
2020-08-20,87,61.4457654095644,6.14457654095644
2020-08-21,87,61.4457654095644,6.14457654095645
2020-08-22,87,49.1566123276515,-6.14457654095644
2020-08-23,87,61.4457654095644,6.14457654095644
2020-08-24,87,61.4457654095644,6.14457654095644
2020-08-25,89,98.3132246553031,43.0120357866951
2020-08-26,89,104.457801196259,49.1566123276515
2020-08-27,89,98.313224655303,43.0120357866951
2020-08-28,89,104.457801196259,49.1566123276515
2020-08-29,89,98.3132246553031,43.0120357866951
2020-08-30,89,104.457801196259,49.1566123276515
2020-08-31,89,104.457801196259,49.1566123276515
2020-09-01,87,98.313224655303,43.0120357866951
2020-09-02,90,104.457801196259,49.1566123276515
2020-09-03,89,98.3132246553031,43.0120357866951
2020-09-04,89,104.457801196259,49.1566123276515
2020-09-05,89,98.3132246553031,43.0120357866951
2020-09-06,89,104.457801196259,49.1566123276515
2020-09-07,89,104.457801196259,49.1566123276515
2020-09-08,89,98.3132246553031,43.0120357866951
2020-09-09,88,98.3132246553031,43.0120357866951
2020-09-10,90,104.457801196259,49.1566123276515
2020-09-11,89,104.457801196259,49.1566123276515
2020-09-12,89,92.1686481143466,36.8674592457386
2020-09-13,89,110.602377737216,55.301188868608
2020-09-14,89,98.3132246553031,43.0120357866951
2020-09-15,89,104.457801196259,49.1566123276515
2020-09-16,89,104.457801196259,49.1566123276515
